#
# A fatal error has been detected by the Java Runtime Environment:
#
#  EXCEPTION_ACCESS_VIOLATION (0xc0000005) at pc=0x00007ff81f1930f6, pid=13064, tid=2224
#
# JRE version: OpenJDK Runtime Environment Microsoft-11369940 (21.0.7+6) (build 21.0.7+6-LTS)
# Java VM: OpenJDK 64-Bit Server VM Microsoft-11369940 (21.0.7+6-LTS, mixed mode, tiered, compressed oops, compressed class ptrs, g1 gc, windows-amd64)
# Problematic frame:
# C  [ig75icd64.dll+0x1a30f6]
#
# No core dump will be written. Minidumps are not enabled by default on client versions of Windows
#
# If you would like to submit a bug report, please visit:
#   https://aka.ms/minecraftjavacrashes
# The crash happened outside the Java Virtual Machine in native code.
# See problematic frame for where to report the bug.
#

---------------  S U M M A R Y ------------

Command Line: -Duser.language=en -XX:HeapDumpPath=MojangTricksIntelDriversForPerformance_javaw.exe_minecraft.exe.heapdump -Xms512m -Xmx8192m -Djava.library.path=C:/Users/bradl/AppData/Roaming/PrismLauncher/instances/Silk and Stardust/natives org.prismlauncher.EntryPoint

Host: Intel(R) Core(TM) i7-4790 CPU @ 3.60GHz, 8 cores, 15G,  Windows 11 , 64 bit Build 26100 (10.0.26100.9444)
Time: Tue Sep 22 15:42:37 2026 Central Daylight Time elapsed time: 46.689607 seconds (0d 0h 0m 46s)

---------------  T H R E A D  ---------------

Current thread (0x000001f9c5a91230):  JavaThread "pool-3-thread-1" daemon [_thread_in_native, id=2224, stack(0x0000001b04e00000,0x0000001b04f00000) (1024K)]

Stack: [0x0000001b04e00000,0x0000001b04f00000],  sp=0x0000001b04efeb10,  free space=1018k
Native frames: (J=compiled Java code, j=interpreted, Vv=VM code, C=native code)
C  [ig75icd64.dll+0x1a30f6]

Java frames: (J=compiled Java code, j=interpreted, Vv=VM code)
J 6877  org.lwjgl.opengl.GL30C.glBlitFramebuffer(IIIIIIIIII)V org.lwjgl.opengl@3.3.3+5 (0 bytes) @ 0x000001f9ac518ade [0x000001f9ac518a40+0x000000000000009e]
J 9639 c1 net.neoforged.fml.earlydisplay.EarlyFramebuffer.draw(II)V fml_earlydisplay@4.0.43 (252 bytes) @ 0x000001f9a579fc24 [0x000001f9a579f3e0+0x0000000000000844]
J 8680 c1 net.neoforged.fml.earlydisplay.DisplayWindow.renderThreadFunc()V fml_earlydisplay@4.0.43 (286 bytes) @ 0x000001f9a52ea12c [0x000001f9a52e9540+0x0000000000000bec]
J 8679 c1 net.neoforged.fml.earlydisplay.DisplayWindow$$Lambda+0x00000008003c6160.run()V fml_earlydisplay@4.0.43 (8 bytes) @ 0x000001f9a4c5584c [0x000001f9a4c557c0+0x000000000000008c]
J 6829 c1 java.util.concurrent.Executors$RunnableAdapter.call()Ljava/lang/Object; java.base@21.0.7 (14 bytes) @ 0x000001f9a4cb525c [0x000001f9a4cb5140+0x000000000000011c]
J 7186 c1 java.util.concurrent.FutureTask.runAndReset()Z java.base@21.0.7 (125 bytes) @ 0x000001f9a4e87a64 [0x000001f9a4e872a0+0x00000000000007c4]
J 6828 c1 java.util.concurrent.ScheduledThreadPoolExecutor$ScheduledFutureTask.run()V java.base@21.0.7 (57 bytes) @ 0x000001f9a4d1d594 [0x000001f9a4d1d3c0+0x00000000000001d4]
j  java.util.concurrent.ThreadPoolExecutor.runWorker(Ljava/util/concurrent/ThreadPoolExecutor$Worker;)V+92 java.base@21.0.7
j  java.util.concurrent.ThreadPoolExecutor$Worker.run()V+5 java.base@21.0.7
j  java.lang.Thread.runWith(Ljava/lang/Object;Ljava/lang/Runnable;)V+5 java.base@21.0.7
j  java.lang.Thread.run()V+19 java.base@21.0.7
v  ~StubRoutines::call_stub 0x000001f9abe5100d

siginfo: EXCEPTION_ACCESS_VIOLATION (0xc0000005), reading address 0x0000000000000010


Registers:
RAX=0x000001f9c81daf28, RBX=0x000001f9c60132a0, RCX=0x0000000000000000, RDX=0x000001f9c5c60e00
RSP=0x0000001b04efeb10, RBP=0x0000001b04efec40, RSI=0x0000000000000001, RDI=0x000001fa545d6d50
R8 =0x00007ff81f191a3c, R9 =0x000001fa53a601ff, R10=0x000001f9c5c60e00, R11=0x0000000000000001
R12=0x0000000000000000, R13=0x0000000000002600, R14=0x000001f9c5c60e00, R15=0x0000000000000001
RIP=0x00007ff81f1930f6, EFLAGS=0x0000000000010202

XMM[0]=0x0000000000000000 0x0000000000000000
XMM[1]=0x0000000000000000 0x000000003f800000
XMM[2]=0x0000000000000000 0x0000000000000000
XMM[3]=0x0000000000000000 0x0000000000000000
XMM[4]=0x0000000000000000 0x0000000000000000
XMM[5]=0x0000000000000000 0x0000000000000000
XMM[6]=0x0000000000000000 0x000000003f24924a
XMM[7]=0x0000000000000000 0x000000003f2db6dc
XMM[8]=0x0000000000000000 0x000000003e740000
XMM[9]=0x0000000000000000 0xbd3b8d34a73b6713
XMM[10]=0x0000000000000000 0x00000000e9ffd9df
XMM[11]=0x0000000000000000 0x9ab68a6441f1f177
XMM[12]=0x0000000000000000 0x00000000a73b6713
XMM[13]=0x0000000000000000 0x0000000000000000
XMM[14]=0x0000000000000000 0x0000000000000000
XMM[15]=0x0000000000000000 0x0000000000000000
  MXCSR=0x00001fa0


Register to memory mapping:

RAX=0x000001f9c81daf28 points into unknown readable memory: 0x000001fa00000a01 | 01 0a 00 00 fa 01 00 00
RBX=0x000001f9c60132a0 points into unknown readable memory: 0x0000000000000000 | 00 00 00 00 00 00 00 00
RCX=0x0 is null
RDX=0x000001f9c5c60e00 points into unknown readable memory: 0x000001f9c89d3400 | 00 34 9d c8 f9 01 00 00
RSP=0x0000001b04efeb10 is pointing into the stack for thread: 0x000001f9c5a91230
RBP=0x0000001b04efec40 is pointing into the stack for thread: 0x000001f9c5a91230
RSI=0x0000000000000001 is an unknown value
RDI=0x000001fa545d6d50 points into unknown readable memory: 0x000001f9ca828220 | 20 82 82 ca f9 01 00 00
R8 =0x00007ff81f191a3c ig75icd64.dll
R9 =0x000001fa53a601ff points into unknown readable memory: 00
R10=0x000001f9c5c60e00 points into unknown readable memory: 0x000001f9c89d3400 | 00 34 9d c8 f9 01 00 00
R11=0x0000000000000001 is an unknown value
R12=0x0 is null
R13=0x0000000000002600 is an unknown value
R14=0x000001f9c5c60e00 points into unknown readable memory: 0x000001f9c89d3400 | 00 34 9d c8 f9 01 00 00
R15=0x0000000000000001 is an unknown value

Top of Stack: (sp=0x0000001b04efeb10)
0x0000001b04efeb10:   000001f9c7dc4140 0000001b04efeda0
0x0000001b04efeb20:   00007ff8c7d26d30 0000000000000000
0x0000001b04efeb30:   000001f9c60132a0 00007ff81f1ef2a6
0x0000001b04efeb40:   000001f9c60132a0 0000000000000001
0x0000001b04efeb50:   0000000000000022 00007ff8c7e69105
0x0000001b04efeb60:   000001f9c7dc4140 0000000000000000
0x0000001b04efeb70:   0000000000000001 000000000000007c
0x0000001b04efeb80:   0000000000000046 0000000000000000
0x0000001b04efeb90:   0000000000000001 000001fa545d6b70
0x0000001b04efeba0:   0000001b04efec88 00007ff8c7e9a485
0x0000001b04efebb0:   000001f99e860000 0000000000000000
0x0000001b04efebc0:   000001fa545d6b70 0000000000000000
0x0000001b04efebd0:   0000000000000002 00007ff8c7d219c2
0x0000001b04efebe0:   0000000000000000 0000000000000000
0x0000001b04efebf0:   0000000000000022 0000000000000000
0x0000001b04efec00:   000001f9c5a91230 000001f9c5c60e00
0x0000001b04efec10:   000001f9a4bb11f4 0000000000000000
0x0000001b04efec20:   000000000000009c 000001f9c5c60e00
0x0000001b04efec30:   0000000000000020 00007ff81f55f718
0x0000001b04efec40:   3f8000003f800000 0000000000000000
0x0000001b04efec50:   3f80000000000000 3f8000003f800000
0x0000001b04efec60:   0000000000000000 3f80000000000000
0x0000001b04efec70:   3f8000003f800000 0000000000000000
0x0000001b04efec80:   3f80000000000000 00000000207c00a0
0x0000001b04efec90:   0000000000000000 0000000000000000
0x0000001b04efeca0:   0000000000000000 00007ff81f008074
0x0000001b04efecb0:   0000000000000000 0000000000000000
0x0000001b04efecc0:   000001fa53a60180 0000078000000020
0x0000001b04efecd0:   0000000000000000 0000000000000000
0x0000001b04efece0:   0000000940000100 000001f9ca828220
0x0000001b04efecf0:   0000000000000000 000000011f0de0af
0x0000001b04efed00:   0000260000000001 000001f900000003 

Instructions: (pc=0x00007ff81f1930f6)
0x00007ff81f192ff6:   1f 4d 8b c6 48 8b 81 70 01 00 00 48 8b d6 ff 50
0x00007ff81f193006:   38 48 8b fb 48 85 db 75 e1 48 8b 85 50 04 00 00
0x00007ff81f193016:   4c 8b 74 24 30 48 8b 48 50 48 85 c9 74 1f 8b 41
0x00007ff81f193026:   10 39 85 64 03 00 00 74 14 48 b8 00 00 00 00 00
0x00007ff81f193036:   01 04 00 48 09 46 30 89 9d b8 02 00 00 48 8b 0d
0x00007ff81f193046:   8e d4 8f 00 ff 15 70 94 5d 00 48 8b 5c 24 38 48
0x00007ff81f193056:   8b 6c 24 40 48 8b 74 24 48 48 83 c4 20 5f c3 cc
0x00007ff81f193066:   cc cc cc cc cc cc cc cc cc cc 48 83 ec 28 48 85
0x00007ff81f193076:   d2 74 12 80 7a 24 00 74 0c 48 8d 05 8a 73 8c 00
0x00007ff81f193086:   48 83 c4 28 c3 e8 f0 01 00 00 48 85 c0 75 0c 48
0x00007ff81f193096:   8d 05 34 38 90 00 48 83 c4 28 c3 48 05 60 01 00
0x00007ff81f1930a6:   00 48 83 c4 28 c3 cc cc cc cc 44 8b 49 0c 45 85
0x00007ff81f1930b6:   c9 74 0b 41 ff c9 74 03 32 c0 c3 b0 01 c3 83 79
0x00007ff81f1930c6:   08 03 75 05 45 84 c0 75 0c 80 ba f0 f5 02 00 01
0x00007ff81f1930d6:   74 03 33 c0 c3 b8 01 00 00 00 c3 cc cc cc cc cc
0x00007ff81f1930e6:   cc cc cc cc cc cc cc cc cc cc 40 53 48 83 ec 20
0x00007ff81f1930f6:   8b 41 10 48 8d 59 20 39 03 74 35 48 8b 91 80 00
0x00007ff81f193106:   00 00 48 85 d2 74 15 48 8b 52 20 4c 8b c3 e8 27
0x00007ff81f193116:   00 00 00 48 8b c3 48 83 c4 20 5b c3 48 8b 91 88
0x00007ff81f193126:   00 00 00 48 85 d2 75 df 4c 8b c3 e8 0a 00 00 00
0x00007ff81f193136:   48 8b c3 48 83 c4 20 5b c3 cc 48 89 5c 24 08 48
0x00007ff81f193146:   89 74 24 10 57 48 83 ec 20 49 8b f8 48 8b da 33
0x00007ff81f193156:   d2 48 8b f1 44 8d 42 60 48 8b cf e8 5a d6 3d 00
0x00007ff81f193166:   48 8b 86 90 00 00 00 48 89 47 08 8b 86 4c 01 00
0x00007ff81f193176:   00 48 89 5f 28 ff c8 89 47 14 8b 86 50 01 00 00
0x00007ff81f193186:   48 8b 4b 08 89 47 18 8b 86 54 01 00 00 89 47 1c
0x00007ff81f193196:   8b 86 58 01 00 00 89 47 20 e8 2c 03 40 00 33 db
0x00007ff81f1931a6:   ff c8 74 32 ff c8 74 27 ff c8 74 1c ff c8 74 11
0x00007ff81f1931b6:   83 f8 02 74 05 8d 43 07 eb 1e b8 04 00 00 00 eb
0x00007ff81f1931c6:   17 b8 03 00 00 00 eb 10 b8 02 00 00 00 eb 09 b8
0x00007ff81f1931d6:   01 00 00 00 eb 02 8b c3 89 47 10 83 7e 08 01 77
0x00007ff81f1931e6:   15 48 8b 4f 28 48 8b 49 08 e8 1c 03 40 00 85 c0 


Stack slot to memory mapping:

stack at sp + 0 slots: 0x000001f9c7dc4140 points into unknown readable memory: 0x00007ff81f7ec210 | 10 c2 7e 1f f8 7f 00 00
stack at sp + 1 slots: 0x0000001b04efeda0 is pointing into the stack for thread: 0x000001f9c5a91230
stack at sp + 2 slots: 0x00007ff8c7d26d30 GDI32.dll
stack at sp + 3 slots: 0x0 is null
stack at sp + 4 slots: 0x000001f9c60132a0 points into unknown readable memory: 0x0000000000000000 | 00 00 00 00 00 00 00 00
stack at sp + 5 slots: 0x00007ff81f1ef2a6 ig75icd64.dll
stack at sp + 6 slots: 0x000001f9c60132a0 points into unknown readable memory: 0x0000000000000000 | 00 00 00 00 00 00 00 00
stack at sp + 7 slots: 0x0000000000000001 is an unknown value


Compiled method (n/a) 46957 6877     n 0       org.lwjgl.opengl.GL30C::glBlitFramebuffer (native)
 total in heap  [0x000001f9ac518890,0x000001f9ac518ca8] = 1048
 relocation     [0x000001f9ac5189f0,0x000001f9ac518a28] = 56
 main code      [0x000001f9ac518a40,0x000001f9ac518c9d] = 605
 stub code      [0x000001f9ac518c9d,0x000001f9ac518ca0] = 3
 oops           [0x000001f9ac518ca0,0x000001f9ac518ca8] = 8

[Constant Pool (empty)]

[MachCode]
[Entry Point]
  # {method} {0x000001f9c2ec8908} 'glBlitFramebuffer' '(IIIIIIIIII)V' in 'org/lwjgl/opengl/GL30C'
  # parm0:    rdx       = int
  # parm1:    r8        = int
  # parm2:    r9        = int
  # parm3:    rdi       = int
  # parm4:    rsi       = int
  # parm5:    rcx       = int
  # parm6:    [sp+0xb0]   = int  (sp of caller)
  # parm7:    [sp+0xb8]   = int
  # parm8:    [sp+0xc0]   = int
  # parm9:    [sp+0xc8]   = int
  0x000001f9ac518a40: 448b 5208 | 49bb 0000 | 0000 0800 | 0000 4d03 | d349 3bc2 | 0f84 0600 

  0x000001f9ac518a58: ;   {runtime_call ic_miss_stub}
  0x000001f9ac518a58: 0000 e921 | 5d98 ff90 
[Verified Entry Point]
  0x000001f9ac518a60: 8984 2400 | 80ff ff55 | 488b ec48 | 81ec a000 | 0000 6690 | 4181 7f20 | 1100 0000 

  0x000001f9ac518a7c: ;   {runtime_call StubRoutines (final stubs)}
  0x000001f9ac518a7c: 7405 e8dd | c296 ff48 | 6345 2848 | 8944 2458 | 4863 4520 | 4889 4424 | 5048 6345 | 1848 8944 
  0x000001f9ac518a9c: 2448 4863 | 4510 4889 | 4424 4048 | 894c 2438 | 4889 7424 | 3048 897c | 2428 4c89 | 4c24 204d 
  0x000001f9ac518abc: 8bc8 4c8b 

  0x000001f9ac518ac0: ;   {oop(a 'java/lang/Class'{0x000000060106f628} = 'org/lwjgl/opengl/GL30C')}
  0x000001f9ac518ac0: c249 be28 | f606 0106 | 0000 004c | 89b4 2490 | 0000 004c | 8db4 2490 | 0000 0049 | 8bd6 c5f8 
  0x000001f9ac518ae0: ;   {internal_word}
  0x000001f9ac518ae0: 7749 bade | 8a51 acf9 | 0100 004d | 8997 a003 | 0000 4989 | a798 0300 

  0x000001f9ac518af8: ;   {external_word}
  0x000001f9ac518af8: 0049 ba2f | dc7d 20f8 | 7f00 0041 | 803a 000f | 844e 0000 | 0052 4150 

  0x000001f9ac518b10: ;   {metadata({method} {0x000001f9c2ec8908} 'glBlitFramebuffer' '(IIIIIIIIII)V' in 'org/lwjgl/opengl/GL30C')}
  0x000001f9ac518b10: 4151 48ba | 0089 ecc2 | f901 0000 | 498b cf48 | 83ec 2040 | f6c4 0f0f | 8419 0000 | 0048 83ec 
  0x000001f9ac518b30: ;   {runtime_call}
  0x000001f9ac518b30: 0848 b830 | bb27 20f8 | 7f00 00ff | d048 83c4 | 08e9 0c00 

  0x000001f9ac518b44: ;   {runtime_call}
  0x000001f9ac518b44: 0000 48b8 | 30bb 2720 | f87f 0000 | ffd0 4883 | c420 4159 | 4158 5a49 | 8d8f b803 | 0000 41c7 
  0x000001f9ac518b64: 8744 0400 | 0004 0000 

  0x000001f9ac518b6c: ;   {runtime_call}
  0x000001f9ac518b6c: 0048 b890 | f84f 61f8 | 7f00 00ff | d0c5 f877 | 41c7 8744 | 0400 0005 | 0000 00f0 | 8344 24c0 
  0x000001f9ac518b8c: 0049 3baf | 4804 0000 | 0f87 0e00 | 0000 4183 | bf40 0400 | 0000 0f84 | 2300 0000 | c5f8 7749 
  0x000001f9ac518bac: 8bcf 4c8b | e448 83ec | 2048 83e4 

  0x000001f9ac518bb8: ;   {runtime_call}
  0x000001f9ac518bb8: f048 b8f0 | 27f3 1ff8 | 7f00 00ff | d049 8be4 | 4d33 e441 | c787 4404 | 0000 0800 | 0000 4183 
  0x000001f9ac518bd8: bfc0 0400 | 0002 0f84 | 9400 0000 

  0x000001f9ac518be4: ;   {external_word}
  0x000001f9ac518be4: 49ba 2fdc | 7d20 f87f | 0000 4180 | 3a00 0f84 | 4400 0000 

  0x000001f9ac518bf8: ;   {metadata({method} {0x000001f9c2ec8908} 'glBlitFramebuffer' '(IIIIIIIIII)V' in 'org/lwjgl/opengl/GL30C')}
  0x000001f9ac518bf8: 48ba 0089 | ecc2 f901 | 0000 498b | cf48 83ec | 2040 f6c4 | 0f0f 8419 | 0000 0048 

  0x000001f9ac518c14: ;   {runtime_call}
  0x000001f9ac518c14: 83ec 0848 | b830 bb27 | 20f8 7f00 | 00ff d048 | 83c4 08e9 | 0c00 0000 

  0x000001f9ac518c2c: ;   {runtime_call}
  0x000001f9ac518c2c: 48b8 30bb | 2720 f87f | 0000 ffd0 | 4883 c420 | 49c7 8798 | 0300 0000 | 0000 0049 | c787 a003 
  0x000001f9ac518c4c: 0000 0000 | 0000 c5f8 | 7749 8b8f | 2804 0000 | c781 0001 | 0000 0000 | 0000 c949 | 837f 0800 
  0x000001f9ac518c6c: 0f85 0100 

  0x000001f9ac518c70: ;   {runtime_call StubRoutines (initial stubs)}
  0x000001f9ac518c70: 0000 c3e9 | 8882 93ff | c5f8 774c | 8be4 4883 | ec20 4883 

  0x000001f9ac518c84: ;   {runtime_call}
  0x000001f9ac518c84: e4f0 48b8 | 00f3 2720 | f87f 0000 | ffd0 498b | e44d 33e4 | e947 ffff | fff4 f4f4 
[/MachCode]


Compiled method (c1) 46977 9639       3       net.neoforged.fml.earlydisplay.EarlyFramebuffer::draw (252 bytes)
 total in heap  [0x000001f9a579f110,0x000001f9a57a0268] = 4440
 relocation     [0x000001f9a579f270,0x000001f9a579f3b0] = 320
 constants      [0x000001f9a579f3c0,0x000001f9a579f3e0] = 32
 main code      [0x000001f9a579f3e0,0x000001f9a579fdd8] = 2552
 stub code      [0x000001f9a579fdd8,0x000001f9a579fe58] = 128
 oops           [0x000001f9a579fe58,0x000001f9a579fe60] = 8
 metadata       [0x000001f9a579fe60,0x000001f9a579fe88] = 40
 scopes data    [0x000001f9a579fe88,0x000001f9a57a00b8] = 560
 scopes pcs     [0x000001f9a57a00b8,0x000001f9a57a0228] = 368
 dependencies   [0x000001f9a57a0228,0x000001f9a57a0230] = 8
 nul chk table  [0x000001f9a57a0230,0x000001f9a57a0268] = 56


[Constant Pool]
             Address          hex4                    hex8      
  0x000001f9a579f3c0:   0x40000000      0x3f00000040000000      
  0x000001f9a579f3c4:   0x3f000000                              
  0x000001f9a579f3c8:   0x3f000000      0x437f00003f000000      
  0x000001f9a579f3cc:   0x437f0000                              
  0x000001f9a579f3d0:   0x437f0000      0x437f0000437f0000      
  0x000001f9a579f3d4:   0x437f0000                              
  0x000001f9a579f3d8:   0x3f800000      0xf4f4f4f43f800000      
  0x000001f9a579f3dc:   0xf4f4f4f4                              

[MachCode]
[Entry Point]
  # {method} {0x000001f9c2b066d0} 'draw' '(II)V' in 'net/neoforged/fml/earlydisplay/EarlyFramebuffer'
  # this:     rdx:rdx   = 'net/neoforged/fml/earlydisplay/EarlyFramebuffer'
  # parm0:    r8        = int
  # parm1:    r9        = int
  #           [sp+0xc0]  (sp of caller)
  0x000001f9a579f3e0: ;   {no_reloc}
  0x000001f9a579f3e0: 448b 5208 | 49bb 0000 | 0000 0800 | 0000 4d03 | d34c 3bd0 

  0x000001f9a579f3f4: ;   {runtime_call ic_miss_stub}
  0x000001f9a579f3f4: 0f85 86f3 | 6f06 660f | 1f44 0000 
[Verified Entry Point]
  0x000001f9a579f400: 8984 2400 | 80ff ff55 | 4881 ecb0 | 0000 0090 | 4181 7f20 | 1100 0000 

  0x000001f9a579f418: ;   {runtime_call StubRoutines (final stubs)}
  0x000001f9a579f418: 7405 e841 | 596e 0648 | 8954 2470 

  0x000001f9a579f424: ;   {metadata(method data for {method} {0x000001f9c2b066d0} 'draw' '(II)V' in 'net/neoforged/fml/earlydisplay/EarlyFramebuffer')}
  0x000001f9a579f424: 48be 082b | 6ac3 f901 | 0000 8bbe | cc00 0000 | 83c7 0289 | becc 0000 | 0081 e7fe | 0700 0085 
  0x000001f9a579f444: ff0f 8427 | 0800 008b | 7214 48c1 | e603 483b | 0648 8bfe 

  0x000001f9a579f458: ;   {metadata(method data for {method} {0x000001f9c2b066d0} 'draw' '(II)V' in 'net/neoforged/fml/earlydisplay/EarlyFramebuffer')}
  0x000001f9a579f458: 48bb 082b | 6ac3 f901 | 0000 4883 | 8310 0100 | 0001 8b7e | 0cc4 c16a | 2ad0 c5fa | 2ac7 c5f8 
  0x000001f9a579f478: 28ca c5f2 | 5ec8 488b 

  0x000001f9a579f480: ;   {metadata(method data for {method} {0x000001f9c2b066d0} 'draw' '(II)V' in 'net/neoforged/fml/earlydisplay/EarlyFramebuffer')}
  0x000001f9a579f480: fe48 bb08 | 2b6a c3f9 | 0100 0048 | 8383 4801 | 0000 018b | 7e10 c4c1 | 622a d9c5 | fa2a c7c5 
  0x000001f9a579f4a0: f828 e3c5 | da5e e048 

  0x000001f9a579f4a8: ;   {metadata(method data for {method} {0x000001f9c2b066d0} 'draw' '(II)V' in 'net/neoforged/fml/earlydisplay/EarlyFramebuffer')}
  0x000001f9a579f4a8: 8bfe 48bb | 082b 6ac3 | f901 0000 | 4883 8380 | 0100 0001 

  0x000001f9a579f4bc: ;   {metadata(method data for {method} {0x000001f9c2b066d0} 'draw' '(II)V' in 'net/neoforged/fml/earlydisplay/EarlyFramebuffer')}
  0x000001f9a579f4bc: 8b76 1448 | bf08 2b6a | c3f9 0100 | 0048 8387 | b801 0000 | 01c5 d22a | eec5 f828 | c1c5 f828 
  0x000001f9a579f4dc: cc44 894c | 247c 4489 | 4424 78c5 | fa11 9c24 | 9800 0000 | c5fa 1194 | 2494 0000 | 00c5 fa11 
  0x000001f9a579f4fc: ac24 9000 | 0000 0f1f 

  0x000001f9a579f504: ;   {static_call}
  0x000001f9a579f504: 4400 00e8 

  0x000001f9a579f508: ; ImmutableOopMap {[112]=Oop }
                      ;*invokestatic min {reexecute=0 rethrow=0 return_oop=0}
                      ; - net.neoforged.fml.earlydisplay.EarlyFramebuffer::draw@36 (line 43)
  0x000001f9a579f508: 34ab 0107 

  0x000001f9a579f50c: ;   {other}
  0x000001f9a579f50c: 0f1f 8400 | fc03 0000 | c5fa 10ac | 2490 0000 | 00c5 d259 

  0x000001f9a579f520: ;   {section_word}
  0x000001f9a579f520: e8c5 d25e | 2d97 feff | ff48 8b54 | 2470 448b | 4214 49c1 | e003 493b | 0049 8bf0 

  0x000001f9a579f53c: ;   {metadata(method data for {method} {0x000001f9c2b066d0} 'draw' '(II)V' in 'net/neoforged/fml/earlydisplay/EarlyFramebuffer')}
  0x000001f9a579f53c: 48bf 082b | 6ac3 f901 | 0000 4883 | 87c8 0100 | 0001 418b | 700c c5fa | 1094 2494 

  0x000001f9a579f558: ;   {section_word}
  0x000001f9a579f558: 0000 00c5 | ea59 1561 | feff ffc5 | fa2a c6c5 | fa59 c5c5 | f828 cac5 | f25c c8c5 | fa2c f181 
  0x000001f9a579f578: fe00 0000 | 8075 0f48 | 83ec 08c5 | fa11 0c24 

  0x000001f9a579f588: ;   {runtime_call StubRoutines (initial stubs)}
  0x000001f9a579f588: e87d 1b6b | 065e 498b 

  0x000001f9a579f590: ;   {metadata(method data for {method} {0x000001f9c2b066d0} 'draw' '(II)V' in 'net/neoforged/fml/earlydisplay/EarlyFramebuffer')}
  0x000001f9a579f590: f848 bb08 | 2b6a c3f9 | 0100 0048 | 8383 0002 | 0000 0141 | 8b78 10c5 | fa10 9c24 | 9800 0000 
  0x000001f9a579f5b0: ;   {section_word}
  0x000001f9a579f5b0: c5e2 591d | 10fe ffff | c5f2 2acf | c5f2 59cd | c5f8 28e3 | c5da 5ce1 | c5fa 2cfc | 81ff 0000 
  0x000001f9a579f5d0: 0080 750f | 4883 ec08 | c5fa 1124 

  0x000001f9a579f5dc: ;   {runtime_call StubRoutines (initial stubs)}
  0x000001f9a579f5dc: 24e8 281b | 6b06 5f49 

  0x000001f9a579f5e4: ;   {metadata(method data for {method} {0x000001f9c2b066d0} 'draw' '(II)V' in 'net/neoforged/fml/earlydisplay/EarlyFramebuffer')}
  0x000001f9a579f5e4: 8bd8 48b8 | 082b 6ac3 | f901 0000 | 4883 8038 | 0200 0001 | c5ea 58d0 | c5fa 2cda | 81fb 0000 
  0x000001f9a579f604: 0080 750f | 4883 ec08 | c5fa 1114 

  0x000001f9a579f610: ;   {runtime_call StubRoutines (initial stubs)}
  0x000001f9a579f610: 24e8 f41a 

  0x000001f9a579f614: ;   {metadata(method data for {method} {0x000001f9c2b066d0} 'draw' '(II)V' in 'net/neoforged/fml/earlydisplay/EarlyFramebuffer')}
  0x000001f9a579f614: 6b06 5b48 | b808 2b6a | c3f9 0100 | 0048 8380 | 7002 0000 | 01c5 e258 | d9c5 fa2c | c33d 0000 
  0x000001f9a579f634: 0080 750f | 4883 ec08 | c5fa 111c 

  0x000001f9a579f640: ;   {runtime_call StubRoutines (initial stubs)}
  0x000001f9a579f640: 24e8 c41a 

  0x000001f9a579f644: ;   {metadata(method data for {method} {0x000001f9c2b066d0} 'draw' '(II)V' in 'net/neoforged/fml/earlydisplay/EarlyFramebuffer')}
  0x000001f9a579f644: 6b06 5849 | b808 2b6a | c3f9 0100 | 0049 8380 | a802 0000 | 01ba a98c | 0000 41b8 | 0000 0000 
  0x000001f9a579f664: 8984 248c | 0000 0089 | 9c24 8800 | 0000 89bc | 2484 0000 | 0089 b424 | 8000 0000 | 0f1f 8000 
  0x000001f9a579f684: ;   {static_call}
  0x000001f9a579f684: 0000 00e8 

  0x000001f9a579f688: ; ImmutableOopMap {[112]=Oop }
                      ;*invokestatic glBindFramebuffer {reexecute=0 rethrow=0 return_oop=0}
                      ; - net.neoforged.fml.earlydisplay.EarlyFramebuffer::draw@127 (line 48)
  0x000001f9a579f688: 5464 0507 

  0x000001f9a579f68c: ;   {other}
  0x000001f9a579f68c: 0f1f 8400 | 7c05 0001 | 488b 5424 | 7044 8b42 

  0x000001f9a579f69c: ;   {metadata(method data for {method} {0x000001f9c2b066d0} 'draw' '(II)V' in 'net/neoforged/fml/earlydisplay/EarlyFramebuffer')}
  0x000001f9a579f69c: 0c48 be08 | 2b6a c3f9 | 0100 0048 | 8386 b802 | 0000 01ba | a88c 0000 

  0x000001f9a579f6b4: ;   {static_call}
  0x000001f9a579f6b4: 6666 90e8 

  0x000001f9a579f6b8: ; ImmutableOopMap {[112]=Oop }
                      ;*invokestatic glBindFramebuffer {reexecute=0 rethrow=0 return_oop=0}
                      ; - net.neoforged.fml.earlydisplay.EarlyFramebuffer::draw@136 (line 49)
  0x000001f9a579f6b8: 2464 0507 

  0x000001f9a579f6bc: ;   {other}
  0x000001f9a579f6bc: 0f1f 8400 | ac05 0002 | 488b 5424 | 708b 7214 | 48c1 e603 

  0x000001f9a579f6d0: ; implicit exception: dispatches to 0x000001f9a579fc9d
  0x000001f9a579f6d0: 483b 0648 

  0x000001f9a579f6d4: ;   {metadata(method data for {method} {0x000001f9c2b066d0} 'draw' '(II)V' in 'net/neoforged/fml/earlydisplay/EarlyFramebuffer')}
  0x000001f9a579f6d4: 8bfe 48bb | 082b 6ac3 | f901 0000 | 4883 83c8 | 0200 0001 | 8b76 1c48 | c1e6 0348 | 3b06 488b 
  0x000001f9a579f6f4: ;   {metadata(method data for {method} {0x000001f9c2b066d0} 'draw' '(II)V' in 'net/neoforged/fml/earlydisplay/EarlyFramebuffer')}
  0x000001f9a579f6f4: fe48 bb08 | 2b6a c3f9 | 0100 0048 | 8383 0003 | 0000 018b | 7618 48c1 | e603 483b | 0648 8bfe 
  0x000001f9a579f714: ;   {metadata(method data for {method} {0x000001f9c2b066d0} 'draw' '(II)V' in 'net/neoforged/fml/earlydisplay/EarlyFramebuffer')}
  0x000001f9a579f714: 48bb 082b | 6ac3 f901 | 0000 4883 | 8338 0300 

  0x000001f9a579f724: ;   {metadata(method data for {method} {0x000001f9c2bb1000} 'redf' '()F' in 'net/neoforged/fml/earlydisplay/ColourScheme$Colour')}
  0x000001f9a579f724: 0001 48bf | 1801 1dc3 | f901 0000 | 8b9f cc00 | 0000 83c3 | 0289 9fcc | 0000 0081 | e3fe ff1f 
  0x000001f9a579f744: 0085 db0f | 845f 0500 | 008b 7e0c 

  0x000001f9a579f750: ;   {metadata(method data for {method} {0x000001f9c2b066d0} 'draw' '(II)V' in 'net/neoforged/fml/earlydisplay/EarlyFramebuffer')}
  0x000001f9a579f750: 488b de48 | b808 2b6a | c3f9 0100 | 0048 8380 | 7003 0000 | 01c5 fa2a 

  0x000001f9a579f768: ;   {section_word}
  0x000001f9a579f768: c7c5 fa5e | 055b fcff 

  0x000001f9a579f770: ;   {metadata(method data for {method} {0x000001f9c2bb10b0} 'greenf' '()F' in 'net/neoforged/fml/earlydisplay/ColourScheme$Colour')}
  0x000001f9a579f770: ff48 bf08 | 7e1f c3f9 | 0100 008b | 9fcc 0000 | 0083 c302 | 899f cc00 | 0000 81e3 | feff 1f00 
  0x000001f9a579f790: 85db 0f84 | 3505 0000 | 8b7e 1048 

  0x000001f9a579f79c: ;   {metadata(method data for {method} {0x000001f9c2b066d0} 'draw' '(II)V' in 'net/neoforged/fml/earlydisplay/EarlyFramebuffer')}
  0x000001f9a579f79c: 8bde 48b8 | 082b 6ac3 | f901 0000 | 4883 80a8 | 0300 0001 | c5f2 2acf 

  0x000001f9a579f7b4: ;   {section_word}
  0x000001f9a579f7b4: c5f2 5e0d | 14fc ffff 

  0x000001f9a579f7bc: ;   {metadata(method data for {method} {0x000001f9c2bb1160} 'bluef' '()F' in 'net/neoforged/fml/earlydisplay/ColourScheme$Colour')}
  0x000001f9a579f7bc: 48bf 7008 | 57c3 f901 | 0000 8b9f | cc00 0000 | 83c3 0289 | 9fcc 0000 | 0081 e3fe | ff1f 0085 
  0x000001f9a579f7dc: db0f 840b | 0500 008b 

  0x000001f9a579f7e4: ;   {metadata(method data for {method} {0x000001f9c2b066d0} 'draw' '(II)V' in 'net/neoforged/fml/earlydisplay/EarlyFramebuffer')}
  0x000001f9a579f7e4: 7614 48bf | 082b 6ac3 | f901 0000 | 4883 87e0 | 0300 0001 | c5ea 2ad6 

  0x000001f9a579f7fc: ;   {section_word}
  0x000001f9a579f7fc: c5ea 5e15 | d0fb ffff 

  0x000001f9a579f804: ;   {section_word}
  0x000001f9a579f804: c5fa 101d | ccfb ffff 

  0x000001f9a579f80c: ;   {static_call}
  0x000001f9a579f80c: 6666 90e8 

  0x000001f9a579f810: ; ImmutableOopMap {[112]=Oop }
                      ;*invokestatic glClearColor {reexecute=0 rethrow=0 return_oop=0}
                      ; - net.neoforged.fml.earlydisplay.EarlyFramebuffer::draw@167 (line 51)
  0x000001f9a579f810: ccba e106 

  0x000001f9a579f814: ;   {other}
  0x000001f9a579f814: 0f1f 8400 | 0407 0003 

  0x000001f9a579f81c: ;   {metadata(method data for {method} {0x000001f9c2b066d0} 'draw' '(II)V' in 'net/neoforged/fml/earlydisplay/EarlyFramebuffer')}
  0x000001f9a579f81c: 48ba 082b | 6ac3 f901 | 0000 4883 | 82f0 0300 | 0001 ba00 | 4000 000f 

  0x000001f9a579f834: ;   {static_call}
  0x000001f9a579f834: 1f40 00e8 

  0x000001f9a579f838: ; ImmutableOopMap {[112]=Oop }
                      ;*invokestatic glClear {reexecute=0 rethrow=0 return_oop=0}
                      ; - net.neoforged.fml.earlydisplay.EarlyFramebuffer::draw@173 (line 52)
  0x000001f9a579f838: 2402 e006 

  0x000001f9a579f83c: ;   {other}
  0x000001f9a579f83c: 0f1f 8400 | 2c07 0004 | 488b 5424 | 708b 5214 | 48c1 e203 

  0x000001f9a579f850: ; implicit exception: dispatches to 0x000001f9a579fd0f
  0x000001f9a579f850: 483b 024c 

  0x000001f9a579f854: ;   {metadata(method data for {method} {0x000001f9c2b066d0} 'draw' '(II)V' in 'net/neoforged/fml/earlydisplay/EarlyFramebuffer')}
  0x000001f9a579f854: 8bc2 49b9 | 082b 6ac3 | f901 0000 | 4983 8100 | 0400 0001 | 448b 4210 

  0x000001f9a579f86c: ;   {metadata(method data for {method} {0x000001f9c2b066d0} 'draw' '(II)V' in 'net/neoforged/fml/earlydisplay/EarlyFramebuffer')}
  0x000001f9a579f86c: 4c8b ca48 | bf08 2b6a | c3f9 0100 | 0048 8387 | 3804 0000 | 0144 8b4a | 1445 0faf | c148 8bfa 
  0x000001f9a579f88c: ;   {metadata(method data for {method} {0x000001f9c2b066d0} 'draw' '(II)V' in 'net/neoforged/fml/earlydisplay/EarlyFramebuffer')}
  0x000001f9a579f88c: 48be 082b | 6ac3 f901 | 0000 4883 | 8670 0400 | 0001 8b7a 

  0x000001f9a579f8a0: ;   {metadata(method data for {method} {0x000001f9c2b066d0} 'draw' '(II)V' in 'net/neoforged/fml/earlydisplay/EarlyFramebuffer')}
  0x000001f9a579f8a0: 0c48 be08 | 2b6a c3f9 | 0100 0048 | 8386 a804 | 0000 0141 

  0x000001f9a579f8b4: ;   {metadata(method data for {method} {0x000001f9c2b066d0} 'draw' '(II)V' in 'net/neoforged/fml/earlydisplay/EarlyFramebuffer')}
  0x000001f9a579f8b4: 0faf f948 | ba08 2b6a | c3f9 0100 | 0048 8382 | e004 0000 

  0x000001f9a579f8c8: ;   {metadata(method data for {method} {0x000001f9c2f52020} 'clamp' '(III)I' in 'net/neoforged/fml/earlydisplay/RenderElement')}
  0x000001f9a579f8c8: 0148 ba98 | f10f c3f9 | 0100 0044 | 8b8a cc00 | 0000 4183 | c102 4489 | 8acc 0000 | 0041 81e1 
  0x000001f9a579f8e8: feff 1f00 | 4585 c90f | 841f 0400 | 008b b424 | 8000 0000 

  0x000001f9a579f8fc: ;   {metadata(method data for {method} {0x000001f9c2f52020} 'clamp' '(III)I' in 'net/neoforged/fml/earlydisplay/RenderElement')}
  0x000001f9a579f8fc: 85f6 48ba | 98f1 0fc3 | f901 0000 | 49c7 c110 | 0100 007d | 0749 c7c1 | 2001 0000 | 4a8b 0c0a 
  0x000001f9a579f91c: 488d 4901 | 4a89 0c0a | 0f8d 0a00 | 0000 be00 | 0000 00e9 | 4f00 0000 | 3b74 2478 

  0x000001f9a579f938: ;   {metadata(method data for {method} {0x000001f9c2f52020} 'clamp' '(III)I' in 'net/neoforged/fml/earlydisplay/RenderElement')}
  0x000001f9a579f938: 48ba 98f1 | 0fc3 f901 | 0000 49c7 | c130 0100 | 007e 0749 | c7c1 4001 | 0000 4a8b | 0c0a 488d 
  0x000001f9a579f958: 4901 4a89 | 0c0a 0f8e | 1900 0000 

  0x000001f9a579f964: ;   {metadata(method data for {method} {0x000001f9c2f52020} 'clamp' '(III)I' in 'net/neoforged/fml/earlydisplay/RenderElement')}
  0x000001f9a579f964: 48ba 98f1 | 0fc3 f901 | 0000 ff82 | 5001 0000 | 8b54 2478 | e903 0000 | 0048 8bd6 | 488b f28b 
  0x000001f9a579f984: 9424 8400 

  0x000001f9a579f988: ;   {metadata(method data for {method} {0x000001f9c2b066d0} 'draw' '(II)V' in 'net/neoforged/fml/earlydisplay/EarlyFramebuffer')}
  0x000001f9a579f988: 0000 49b9 | 082b 6ac3 | f901 0000 | 4983 81f0 | 0400 0001 

  0x000001f9a579f99c: ;   {metadata(method data for {method} {0x000001f9c2f52020} 'clamp' '(III)I' in 'net/neoforged/fml/earlydisplay/RenderElement')}
  0x000001f9a579f99c: 49b9 98f1 | 0fc3 f901 | 0000 418b | 89cc 0000 | 0083 c102 | 4189 89cc | 0000 0081 | e1fe ff1f 
  0x000001f9a579f9bc: 0085 c90f | 8470 0300 

  0x000001f9a579f9c4: ;   {metadata(method data for {method} {0x000001f9c2f52020} 'clamp' '(III)I' in 'net/neoforged/fml/earlydisplay/RenderElement')}
  0x000001f9a579f9c4: 0085 d249 | b998 f10f | c3f9 0100 | 0048 c7c1 | 1001 0000 | 7d07 48c7 | c120 0100 | 0049 8b1c 
  0x000001f9a579f9e4: 0948 8d5b | 0149 891c | 090f 8d0a | 0000 00b9 | 0000 0000 | e950 0000 | 003b 5424 

  0x000001f9a579fa00: ;   {metadata(method data for {method} {0x000001f9c2f52020} 'clamp' '(III)I' in 'net/neoforged/fml/earlydisplay/RenderElement')}
  0x000001f9a579fa00: 7c49 b998 | f10f c3f9 | 0100 0048 | c7c1 3001 | 0000 7e07 | 48c7 c140 | 0100 0049 | 8b1c 0948 
  0x000001f9a579fa20: 8d5b 0149 | 891c 090f | 8e1a 0000 

  0x000001f9a579fa2c: ;   {metadata(method data for {method} {0x000001f9c2f52020} 'clamp' '(III)I' in 'net/neoforged/fml/earlydisplay/RenderElement')}
  0x000001f9a579fa2c: 0048 ba98 | f10f c3f9 | 0100 00ff | 8250 0100 | 0044 8b4c | 247c e903 | 0000 004c | 8bca 498b 
  0x000001f9a579fa4c: c98b 9c24 | 8800 0000 

  0x000001f9a579fa54: ;   {metadata(method data for {method} {0x000001f9c2b066d0} 'draw' '(II)V' in 'net/neoforged/fml/earlydisplay/EarlyFramebuffer')}
  0x000001f9a579fa54: 48ba 082b | 6ac3 f901 | 0000 4883 | 8200 0500 

  0x000001f9a579fa64: ;   {metadata(method data for {method} {0x000001f9c2f52020} 'clamp' '(III)I' in 'net/neoforged/fml/earlydisplay/RenderElement')}
  0x000001f9a579fa64: 0001 48ba | 98f1 0fc3 | f901 0000 | 448b 8acc | 0000 0041 | 83c1 0244 | 898a cc00 | 0000 4181 
  0x000001f9a579fa84: e1fe ff1f | 0045 85c9 | 0f84 c402 | 0000 85db 

  0x000001f9a579fa94: ;   {metadata(method data for {method} {0x000001f9c2f52020} 'clamp' '(III)I' in 'net/neoforged/fml/earlydisplay/RenderElement')}
  0x000001f9a579fa94: 48ba 98f1 | 0fc3 f901 | 0000 49c7 | c110 0100 | 007d 0749 | c7c1 2001 | 0000 4a8b | 040a 488d 
  0x000001f9a579fab4: 4001 4a89 | 040a 0f8d | 0a00 0000 | bb00 0000 | 00e9 5000 | 0000 3b5c 

  0x000001f9a579facc: ;   {metadata(method data for {method} {0x000001f9c2f52020} 'clamp' '(III)I' in 'net/neoforged/fml/earlydisplay/RenderElement')}
  0x000001f9a579facc: 2478 48ba | 98f1 0fc3 | f901 0000 | 49c7 c130 | 0100 007e | 0749 c7c1 | 4001 0000 | 4a8b 040a 
  0x000001f9a579faec: 488d 4001 | 4a89 040a | 0f8e 1a00 | 0000 8b54 

  0x000001f9a579fafc: ;   {metadata(method data for {method} {0x000001f9c2f52020} 'clamp' '(III)I' in 'net/neoforged/fml/earlydisplay/RenderElement')}
  0x000001f9a579fafc: 2478 49b9 | 98f1 0fc3 | f901 0000 | 41ff 8150 | 0100 00e9 | 0300 0000 | 488b d348 | 8bda 8b84 
  0x000001f9a579fb1c: 248c 0000 

  0x000001f9a579fb20: ;   {metadata(method data for {method} {0x000001f9c2b066d0} 'draw' '(II)V' in 'net/neoforged/fml/earlydisplay/EarlyFramebuffer')}
  0x000001f9a579fb20: 0048 ba08 | 2b6a c3f9 | 0100 0048 | 8382 1005 

  0x000001f9a579fb30: ;   {metadata(method data for {method} {0x000001f9c2f52020} 'clamp' '(III)I' in 'net/neoforged/fml/earlydisplay/RenderElement')}
  0x000001f9a579fb30: 0000 0148 | ba98 f10f | c3f9 0100 | 0044 8b8a | cc00 0000 | 4183 c102 | 4489 8acc | 0000 0041 
  0x000001f9a579fb50: 81e1 feff | 1f00 4585 | c90f 8418 | 0200 0085 

  0x000001f9a579fb60: ;   {metadata(method data for {method} {0x000001f9c2f52020} 'clamp' '(III)I' in 'net/neoforged/fml/earlydisplay/RenderElement')}
  0x000001f9a579fb60: c048 ba98 | f10f c3f9 | 0100 0049 | c7c1 2001 | 0000 7c07 | 49c7 c110 | 0100 004e | 8b1c 0a4d 
  0x000001f9a579fb80: 8d5b 014e | 891c 0a0f | 8c55 0000 | 003b 4424 

  0x000001f9a579fb90: ;   {metadata(method data for {method} {0x000001f9c2f52020} 'clamp' '(III)I' in 'net/neoforged/fml/earlydisplay/RenderElement')}
  0x000001f9a579fb90: 7c48 ba98 | f10f c3f9 | 0100 0049 | c7c1 3001 | 0000 7e07 | 49c7 c140 | 0100 004e | 8b1c 0a4d 
  0x000001f9a579fbb0: 8d5b 014e | 891c 0a0f | 8e1a 0000 | 0044 8b4c 

  0x000001f9a579fbc0: ;   {metadata(method data for {method} {0x000001f9c2f52020} 'clamp' '(III)I' in 'net/neoforged/fml/earlydisplay/RenderElement')}
  0x000001f9a579fbc0: 247c 48ba | 98f1 0fc3 | f901 0000 | ff82 5001 | 0000 e903 | 0000 004c | 8bc8 498b | c1e9 0500 
  0x000001f9a579fbe0: 0000 b800 

  0x000001f9a579fbe4: ;   {metadata(method data for {method} {0x000001f9c2b066d0} 'draw' '(II)V' in 'net/neoforged/fml/earlydisplay/EarlyFramebuffer')}
  0x000001f9a579fbe4: 0000 0048 | ba08 2b6a | c3f9 0100 | 0048 8382 | 2005 0000 | 01ba 0000 | 0000 4c8b | cfbf 0000 
  0x000001f9a579fc04: 0000 891c | 2489 4424 | 08c7 4424 | 1000 4000 | 00c7 4424 | 1800 2600 

  0x000001f9a579fc1c: ;   {static_call}
  0x000001f9a579fc1c: 0066 90e8 

  0x000001f9a579fc20: ; ImmutableOopMap {}
                      ;*invokestatic glBlitFramebuffer {reexecute=0 rethrow=0 return_oop=0}
                      ; - net.neoforged.fml.earlydisplay.EarlyFramebuffer::draw@242 (line 54)
  0x000001f9a579fc20: 3c8e d706 

  0x000001f9a579fc24: ;   {other}
  0x000001f9a579fc24: 0f1f 8400 | 140b 0005 

  0x000001f9a579fc2c: ;   {metadata(method data for {method} {0x000001f9c2b066d0} 'draw' '(II)V' in 'net/neoforged/fml/earlydisplay/EarlyFramebuffer')}
  0x000001f9a579fc2c: 48ba 082b | 6ac3 f901 | 0000 4883 | 8230 0500 | 0001 ba40 | 8d00 0041 | b800 0000 | 0066 0f1f 
  0x000001f9a579fc4c: ;   {static_call}
  0x000001f9a579fc4c: 4400 00e8 

  0x000001f9a579fc50: ; ImmutableOopMap {}
                      ;*invokestatic glBindFramebuffer {reexecute=0 rethrow=0 return_oop=0}
                      ; - net.neoforged.fml.earlydisplay.EarlyFramebuffer::draw@248 (line 55)
  0x000001f9a579fc50: 8c5e 0507 

  0x000001f9a579fc54: ;   {other}
  0x000001f9a579fc54: 0f1f 8400 | 440b 0006 | 4881 c4b0 | 0000 005d 

  0x000001f9a579fc64: ;   {poll_return}
  0x000001f9a579fc64: 493b a748 | 0400 000f | 8727 0100 

  0x000001f9a579fc70: ;   {metadata({method} {0x000001f9c2b066d0} 'draw' '(II)V' in 'net/neoforged/fml/earlydisplay/EarlyFramebuffer')}
  0x000001f9a579fc70: 00c3 49ba | c866 b0c2 | f901 0000 | 4c89 5424 | 0848 c704 | 24ff ffff 

  0x000001f9a579fc88: ;   {runtime_call counter_overflow Runtime1 stub}
  0x000001f9a579fc88: ffe8 f25f 

  0x000001f9a579fc8c: ; ImmutableOopMap {rdx=Oop [112]=Oop }
                      ;*synchronization entry
                      ; - net.neoforged.fml.earlydisplay.EarlyFramebuffer::draw@-1 (line 41)
  0x000001f9a579fc8c: 7c06 e9b8 

  0x000001f9a579fc90: ;   {runtime_call throw_null_pointer_exception Runtime1 stub}
  0x000001f9a579fc90: f7ff ffe8 

  0x000001f9a579fc94: ; ImmutableOopMap {rdx=Oop rsi=Oop [112]=Oop }
                      ;*invokevirtual width {reexecute=0 rethrow=0 return_oop=0}
                      ; - net.neoforged.fml.earlydisplay.EarlyFramebuffer::draw@6 (line 41)
  0x000001f9a579fc94: e80e 7c06 

  0x000001f9a579fc98: ;   {runtime_call throw_null_pointer_exception Runtime1 stub}
  0x000001f9a579fc98: e8e3 0e7c 

  0x000001f9a579fc9c: ; ImmutableOopMap {rdx=Oop r8=Oop [112]=Oop }
                      ;*invokevirtual width {reexecute=0 rethrow=0 return_oop=0}
                      ; - net.neoforged.fml.earlydisplay.EarlyFramebuffer::draw@55 (line 44)
                      ;   {runtime_call throw_null_pointer_exception Runtime1 stub}
  0x000001f9a579fc9c: 06e8 de0e 

  0x000001f9a579fca0: ; ImmutableOopMap {rdx=Oop rsi=Oop [112]=Oop }
                      ;*invokevirtual colourScheme {reexecute=0 rethrow=0 return_oop=0}
                      ; - net.neoforged.fml.earlydisplay.EarlyFramebuffer::draw@143 (line 50)
                      ;   {runtime_call throw_null_pointer_exception Runtime1 stub}
  0x000001f9a579fca0: 7c06 e8d9 

  0x000001f9a579fca4: ; ImmutableOopMap {rdx=Oop rsi=Oop [112]=Oop }
                      ;*invokevirtual background {reexecute=0 rethrow=0 return_oop=0}
                      ; - net.neoforged.fml.earlydisplay.EarlyFramebuffer::draw@146 (line 50)
                      ;   {runtime_call throw_null_pointer_exception Runtime1 stub}
  0x000001f9a579fca4: 0e7c 06e8 

  0x000001f9a579fca8: ; ImmutableOopMap {rdx=Oop rsi=Oop [112]=Oop }
                      ;*invokevirtual redf {reexecute=0 rethrow=0 return_oop=0}
                      ; - net.neoforged.fml.earlydisplay.EarlyFramebuffer::draw@153 (line 51)
  0x000001f9a579fca8: d40e 7c06 

  0x000001f9a579fcac: ;   {metadata({method} {0x000001f9c2bb1000} 'redf' '()F' in 'net/neoforged/fml/earlydisplay/ColourScheme$Colour')}
  0x000001f9a579fcac: 49ba f80f | bbc2 f901 | 0000 4c89 | 5424 0848 | c704 24ff 

  0x000001f9a579fcc0: ;   {runtime_call counter_overflow Runtime1 stub}
  0x000001f9a579fcc0: ffff ffe8 

  0x000001f9a579fcc4: ; ImmutableOopMap {rdx=Oop rsi=Oop [112]=Oop }
                      ;*synchronization entry
                      ; - net.neoforged.fml.earlydisplay.ColourScheme$Colour::redf@-1 (line 30)
                      ; - net.neoforged.fml.earlydisplay.EarlyFramebuffer::draw@153 (line 51)
  0x000001f9a579fcc4: b85f 7c06 | e980 faff 

  0x000001f9a579fccc: ;   {metadata({method} {0x000001f9c2bb10b0} 'greenf' '()F' in 'net/neoforged/fml/earlydisplay/ColourScheme$Colour')}
  0x000001f9a579fccc: ff49 baa8 | 10bb c2f9 | 0100 004c | 8954 2408 | 48c7 0424 | ffff ffff 

  0x000001f9a579fce4: ;   {runtime_call counter_overflow Runtime1 stub}
  0x000001f9a579fce4: e897 5f7c 

  0x000001f9a579fce8: ; ImmutableOopMap {rdx=Oop rsi=Oop [112]=Oop }
                      ;*synchronization entry
                      ; - net.neoforged.fml.earlydisplay.ColourScheme$Colour::greenf@-1 (line 34)
                      ; - net.neoforged.fml.earlydisplay.EarlyFramebuffer::draw@158 (line 51)
  0x000001f9a579fce8: 06e9 aafa 

  0x000001f9a579fcec: ;   {metadata({method} {0x000001f9c2bb1160} 'bluef' '()F' in 'net/neoforged/fml/earlydisplay/ColourScheme$Colour')}
  0x000001f9a579fcec: ffff 49ba | 5811 bbc2 | f901 0000 | 4c89 5424 | 0848 c704 | 24ff ffff 

  0x000001f9a579fd04: ;   {runtime_call counter_overflow Runtime1 stub}
  0x000001f9a579fd04: ffe8 765f 

  0x000001f9a579fd08: ; ImmutableOopMap {rdx=Oop rsi=Oop [112]=Oop }
                      ;*synchronization entry
                      ; - net.neoforged.fml.earlydisplay.ColourScheme$Colour::bluef@-1 (line 38)
                      ; - net.neoforged.fml.earlydisplay.EarlyFramebuffer::draw@163 (line 51)
  0x000001f9a579fd08: 7c06 e9d4 

  0x000001f9a579fd0c: ;   {runtime_call throw_null_pointer_exception Runtime1 stub}
  0x000001f9a579fd0c: faff ffe8 

  0x000001f9a579fd10: ; ImmutableOopMap {rdx=Oop }
                      ;*invokevirtual height {reexecute=0 rethrow=0 return_oop=0}
                      ; - net.neoforged.fml.earlydisplay.EarlyFramebuffer::draw@181 (line 54)
  0x000001f9a579fd10: 6c0e 7c06 

  0x000001f9a579fd14: ;   {metadata({method} {0x000001f9c2f52020} 'clamp' '(III)I' in 'net/neoforged/fml/earlydisplay/RenderElement')}
  0x000001f9a579fd14: 49ba 1820 | f5c2 f901 | 0000 4c89 | 5424 0848 | c704 24ff 

  0x000001f9a579fd28: ;   {runtime_call counter_overflow Runtime1 stub}
  0x000001f9a579fd28: ffff ffe8 

  0x000001f9a579fd2c: ; ImmutableOopMap {}
                      ;*synchronization entry
                      ; - net.neoforged.fml.earlydisplay.RenderElement::clamp@-1 (line 297)
                      ; - net.neoforged.fml.earlydisplay.EarlyFramebuffer::draw@212 (line 54)
  0x000001f9a579fd2c: 505f 7c06 | e9c0 fbff 

  0x000001f9a579fd34: ;   {metadata({method} {0x000001f9c2f52020} 'clamp' '(III)I' in 'net/neoforged/fml/earlydisplay/RenderElement')}
  0x000001f9a579fd34: ff49 ba18 | 20f5 c2f9 | 0100 004c | 8954 2408 | 48c7 0424 | ffff ffff 

  0x000001f9a579fd4c: ;   {runtime_call counter_overflow Runtime1 stub}
  0x000001f9a579fd4c: e82f 5f7c 

  0x000001f9a579fd50: ; ImmutableOopMap {}
                      ;*synchronization entry
                      ; - net.neoforged.fml.earlydisplay.RenderElement::clamp@-1 (line 297)
                      ; - net.neoforged.fml.earlydisplay.EarlyFramebuffer::draw@219 (line 54)
  0x000001f9a579fd50: 06e9 6ffc 

  0x000001f9a579fd54: ;   {metadata({method} {0x000001f9c2f52020} 'clamp' '(III)I' in 'net/neoforged/fml/earlydisplay/RenderElement')}
  0x000001f9a579fd54: ffff 49ba | 1820 f5c2 | f901 0000 | 4c89 5424 | 0848 c704 | 24ff ffff 

  0x000001f9a579fd6c: ;   {runtime_call counter_overflow Runtime1 stub}
  0x000001f9a579fd6c: ffe8 0e5f 

  0x000001f9a579fd70: ; ImmutableOopMap {}
                      ;*synchronization entry
                      ; - net.neoforged.fml.earlydisplay.RenderElement::clamp@-1 (line 297)
                      ; - net.neoforged.fml.earlydisplay.EarlyFramebuffer::draw@226 (line 54)
  0x000001f9a579fd70: 7c06 e91b 

  0x000001f9a579fd74: ;   {metadata({method} {0x000001f9c2f52020} 'clamp' '(III)I' in 'net/neoforged/fml/earlydisplay/RenderElement')}
  0x000001f9a579fd74: fdff ff49 | ba18 20f5 | c2f9 0100 | 004c 8954 | 2408 48c7 | 0424 ffff 

  0x000001f9a579fd8c: ;   {runtime_call counter_overflow Runtime1 stub}
  0x000001f9a579fd8c: ffff e8ed 

  0x000001f9a579fd90: ; ImmutableOopMap {}
                      ;*synchronization entry
                      ; - net.neoforged.fml.earlydisplay.RenderElement::clamp@-1 (line 297)
                      ; - net.neoforged.fml.earlydisplay.EarlyFramebuffer::draw@233 (line 54)
  0x000001f9a579fd90: 5e7c 06e9 | c7fd ffff 

  0x000001f9a579fd98: ;   {internal_word}
  0x000001f9a579fd98: 49ba 64fc | 79a5 f901 | 0000 4d89 | 9760 0400 

  0x000001f9a579fda8: ;   {runtime_call SafepointBlob}
  0x000001f9a579fda8: 00e9 5259 | 7006 498b | 87f8 0400 | 0049 c787 | f804 0000 | 0000 0000 | 49c7 8700 | 0500 0000 
  0x000001f9a579fdc8: 0000 0048 | 81c4 b000 

  0x000001f9a579fdd0: ;   {runtime_call unwind_exception Runtime1 stub}
  0x000001f9a579fdd0: 0000 5de9 | a8fe 7b06 
[Stub Code]
  0x000001f9a579fdd8: ;   {no_reloc}
  0x000001f9a579fdd8: 48bb 0000 | 0000 0000 

  0x000001f9a579fde0: ;   {runtime_call nmethod}
  0x000001f9a579fde0: 0000 e9fb 

  0x000001f9a579fde4: ;   {static_stub}
  0x000001f9a579fde4: ffff ff48 | bb00 0000 | 0000 0000 

  0x000001f9a579fdf0: ;   {runtime_call nmethod}
  0x000001f9a579fdf0: 00e9 fbff 

  0x000001f9a579fdf4: ;   {static_stub}
  0x000001f9a579fdf4: ffff 48bb | 0000 0000 | 0000 0000 

  0x000001f9a579fe00: ;   {runtime_call nmethod}
  0x000001f9a579fe00: e9fb ffff 

  0x000001f9a579fe04: ;   {static_stub}
  0x000001f9a579fe04: ff48 bb00 | 0000 0000 

  0x000001f9a579fe0c: ;   {runtime_call nmethod}
  0x000001f9a579fe0c: 0000 00e9 | fbff ffff 

  0x000001f9a579fe14: ;   {static_stub}
  0x000001f9a579fe14: 48bb 0000 | 0000 0000 

  0x000001f9a579fe1c: ;   {runtime_call nmethod}
  0x000001f9a579fe1c: 0000 e9fb 

  0x000001f9a579fe20: ;   {runtime_call handle_exception_from_callee Runtime1 stub}
  0x000001f9a579fe20: ffff ffe8 | 582b 7c06 

  0x000001f9a579fe28: ;   {external_word}
  0x000001f9a579fe28: 48b9 d0ef | 5320 f87f | 0000 4883 

  0x000001f9a579fe34: ;   {runtime_call}
  0x000001f9a579fe34: e4f0 48b8 | 10ad 1620 | f87f 0000 

  0x000001f9a579fe40: ;   {section_word}
  0x000001f9a579fe40: ffd0 f449 | ba43 fe79 | a5f9 0100 

  0x000001f9a579fe4c: ;   {runtime_call DeoptimizationBlob}
  0x000001f9a579fe4c: 0041 52e9 | 4c4b 7006 | f4f4 f4f4 
[/MachCode]


Compiled method (c1) 47037 8680   !   3       net.neoforged.fml.earlydisplay.DisplayWindow::renderThreadFunc (286 bytes)
 total in heap  [0x000001f9a52e9090,0x000001f9a52eba88] = 10744
 relocation     [0x000001f9a52e91f0,0x000001f9a52e9508] = 792
 constants      [0x000001f9a52e9520,0x000001f9a52e9540] = 32
 main code      [0x000001f9a52e9540,0x000001f9a52ead00] = 6080
 stub code      [0x000001f9a52ead00,0x000001f9a52eae30] = 304
 oops           [0x000001f9a52eae30,0x000001f9a52eae38] = 8
 metadata       [0x000001f9a52eae38,0x000001f9a52eaed8] = 160
 scopes data    [0x000001f9a52eaed8,0x000001f9a52eb1c8] = 752
 scopes pcs     [0x000001f9a52eb1c8,0x000001f9a52eb648] = 1152
 dependencies   [0x000001f9a52eb648,0x000001f9a52eb658] = 16
 handler table  [0x000001f9a52eb658,0x000001f9a52eb9d0] = 888
 nul chk table  [0x000001f9a52eb9d0,0x000001f9a52eba88] = 184


[Constant Pool]
             Address          hex4                    hex8      
  0x000001f9a52e9520:   0x437f0000      0x437f0000437f0000      
  0x000001f9a52e9524:   0x437f0000                              
  0x000001f9a52e9528:   0x437f0000      0x3f800000437f0000      
  0x000001f9a52e952c:   0x3f800000                              
  0x000001f9a52e9530:   0xf4f4f4f4      0xf4f4f4f4f4f4f4f4      
  0x000001f9a52e9534:   0xf4f4f4f4                              
  0x000001f9a52e9538:   0xf4f4f4f4      0xf4f4f4f4f4f4f4f4      
  0x000001f9a52e953c:   0xf4f4f4f4                              

[MachCode]
[Entry Point]
  # {method} {0x000001f9c2afb890} 'renderThreadFunc' '()V' in 'net/neoforged/fml/earlydisplay/DisplayWindow'
  #           [sp+0xb0]  (sp of caller)
  0x000001f9a52e9540: ;   {no_reloc}
  0x000001f9a52e9540: 448b 5208 | 49bb 0000 | 0000 0800 | 0000 4d03 | d34c 3bd0 

  0x000001f9a52e9554: ;   {runtime_call ic_miss_stub}
  0x000001f9a52e9554: 0f85 2652 | bb06 660f | 1f44 0000 
[Verified Entry Point]
  0x000001f9a52e9560: 8984 2400 | 80ff ff55 | 4881 eca0 | 0000 0090 | 4181 7f20 | 1100 0000 

  0x000001f9a52e9578: ;   {runtime_call StubRoutines (final stubs)}
  0x000001f9a52e9578: 7405 e8e1 | b7b9 0648 | 8954 2460 

  0x000001f9a52e9584: ;   {metadata(method data for {method} {0x000001f9c2afb890} 'renderThreadFunc' '()V' in 'net/neoforged/fml/earlydisplay/DisplayWindow')}
  0x000001f9a52e9584: 49b8 d818 | 6ac3 f901 | 0000 418b | b0cc 0000 | 0083 c602 | 4189 b0cc | 0000 0081 | e6fe 0700 
  0x000001f9a52e95a4: 0085 f60f | 8460 1300 | 0044 8b42 | 6c49 c1e0 | 0349 3b00 

  0x000001f9a52e95b8: ;   {metadata(method data for {method} {0x000001f9c2afb890} 'renderThreadFunc' '()V' in 'net/neoforged/fml/earlydisplay/DisplayWindow')}
  0x000001f9a52e95b8: 498b f048 | bfd8 186a | c3f9 0100 

  0x000001f9a52e95c4: ;   {metadata('java/util/concurrent/Semaphore')}
  0x000001f9a52e95c4: 0049 baa8 | fa25 0008 | 0000 004c | 8997 2001 | 0000 4883 | 8728 0100 

  0x000001f9a52e95dc: ;   {metadata(method data for {method} {0x000001f9c2291818} 'tryAcquire' '()Z' in 'java/util/concurrent/Semaphore')}
  0x000001f9a52e95dc: 0001 48be | e8e6 5bc3 | f901 0000 | 8bbe cc00 | 0000 83c7 | 0289 becc | 0000 0081 | e7fe ff1f 
  0x000001f9a52e95fc: 0085 ff0f | 842e 1300 | 0041 8b70 | 0c48 c1e6 | 0348 3b06 

  0x000001f9a52e9610: ;   {metadata(method data for {method} {0x000001f9c2291818} 'tryAcquire' '()Z' in 'java/util/concurrent/Semaphore')}
  0x000001f9a52e9610: 4c8b c648 | bfe8 e65b | c3f9 0100 | 0048 8387 | 1001 0000 | 0141 b801 | 0000 0048 

  0x000001f9a52e962c: ;   {optimized virtual_call}
  0x000001f9a52e962c: 8bd6 90e8 

  0x000001f9a52e9630: ; ImmutableOopMap {[96]=Oop }
                      ;*invokevirtual nonfairTryAcquireShared {reexecute=0 rethrow=0 return_oop=0}
                      ; - java.util.concurrent.Semaphore::tryAcquire@5 (line 369)
                      ; - net.neoforged.fml.earlydisplay.DisplayWindow::renderThreadFunc@4 (line 166)
  0x000001f9a52e9630: 2cac 92ff 

  0x000001f9a52e9634: ;   {other}
  0x000001f9a52e9634: 0f1f 8400 | a405 0000 

  0x000001f9a52e963c: ;   {metadata(method data for {method} {0x000001f9c2291818} 'tryAcquire' '()Z' in 'java/util/concurrent/Semaphore')}
  0x000001f9a52e963c: 85c0 48be | e8e6 5bc3 | f901 0000 | 48c7 c748 | 0100 007c | 0748 c7c7 | 5801 0000 | 488b 1c3e 
  0x000001f9a52e965c: 488d 5b01 | 4889 1c3e | 0f8c 1a00 

  0x000001f9a52e9668: ;   {metadata(method data for {method} {0x000001f9c2291818} 'tryAcquire' '()Z' in 'java/util/concurrent/Semaphore')}
  0x000001f9a52e9668: 0000 48be | e8e6 5bc3 | f901 0000 | ff86 6801 | 0000 be01 | 0000 00e9 | 0500 0000 | be00 0000 
  0x000001f9a52e9688: 0083 e601 

  0x000001f9a52e968c: ;   {metadata(method data for {method} {0x000001f9c2afb890} 'renderThreadFunc' '()V' in 'net/neoforged/fml/earlydisplay/DisplayWindow')}
  0x000001f9a52e968c: 85f6 48be | d818 6ac3 | f901 0000 | 48c7 c758 | 0100 0074 | 0748 c7c7 | 4801 0000 | 488b 1c3e 
  0x000001f9a52e96ac: 488d 5b01 | 4889 1c3e | 0f84 3012 

  0x000001f9a52e96b8: ;   {metadata(method data for {method} {0x000001f9c2afb890} 'renderThreadFunc' '()V' in 'net/neoforged/fml/earlydisplay/DisplayWindow')}
  0x000001f9a52e96b8: 0000 48be | d818 6ac3 | f901 0000 | 4883 8668 | 0100 0001 

  0x000001f9a52e96cc: ;   {runtime_call}
  0x000001f9a52e96cc: 48b8 80f7 | 2020 f87f | 0000 ffd0 

  0x000001f9a52e96d8: ;   {other}
  0x000001f9a52e96d8: 0f1f 8400 | 0000 0000 | 488b 5424 | 6048 8b72 | 1848 8bf8 

  0x000001f9a52e96ec: ;   {metadata(method data for {method} {0x000001f9c2afb890} 'renderThreadFunc' '()V' in 'net/neoforged/fml/earlydisplay/DisplayWindow')}
  0x000001f9a52e96ec: 483b fe48 | bed8 186a | c3f9 0100 | 0048 c7c7 | 7801 0000 | 7d07 48c7 | c788 0100 | 0048 8b1c 
  0x000001f9a52e970c: 3e48 8d5b | 0148 891c | 3e0f 8d4f | 0200 008b | 7258 48c1 | e603 4885 

  0x000001f9a52e9724: ;   {metadata(method data for {method} {0x000001f9c2afb890} 'renderThreadFunc' '()V' in 'net/neoforged/fml/earlydisplay/DisplayWindow')}
  0x000001f9a52e9724: f648 bed8 | 186a c3f9 | 0100 0048 | c7c7 9801 | 0000 7407 | 48c7 c7a8 | 0100 0048 | 8b1c 3e48 
  0x000001f9a52e9744: 8d5b 0148 | 891c 3e0f | 8430 0000 

  0x000001f9a52e9750: ;   {metadata(method data for {method} {0x000001f9c2afb890} 'renderThreadFunc' '()V' in 'net/neoforged/fml/earlydisplay/DisplayWindow')}
  0x000001f9a52e9750: 0048 bed8 | 186a c3f9 | 0100 0048 | 8386 b801 | 0000 0148 | c7c2 0000 | 0000 0f1f 

  0x000001f9a52e976c: ;   {static_call}
  0x000001f9a52e976c: 4400 00e8 

  0x000001f9a52e9770: ; ImmutableOopMap {[96]=Oop }
                      ;*invokestatic glfwMakeContextCurrent {reexecute=0 rethrow=0 return_oop=0}
                      ; - net.neoforged.fml.earlydisplay.DisplayWindow::renderThreadFunc@32 (line 191)
  0x000001f9a52e9770: 4c73 68ff 

  0x000001f9a52e9774: ;   {other}
  0x000001f9a52e9774: 0f1f 8400 | e406 0001 | 488b 5424 | 6044 8b42 | 6c49 c1e0 | 0349 3b00 

  0x000001f9a52e978c: ;   {metadata(method data for {method} {0x000001f9c2afb890} 'renderThreadFunc' '()V' in 'net/neoforged/fml/earlydisplay/DisplayWindow')}
  0x000001f9a52e978c: 498b d048 | bed8 186a | c3f9 0100 

  0x000001f9a52e9798: ;   {metadata('java/util/concurrent/Semaphore')}
  0x000001f9a52e9798: 0049 baa8 | fa25 0008 | 0000 004c | 8996 d801 | 0000 4883 | 86e0 0100 

  0x000001f9a52e97b0: ;   {metadata(method data for {method} {0x000001f9c22919a8} 'release' '()V' in 'java/util/concurrent/Semaphore')}
  0x000001f9a52e97b0: 0001 48ba | 70e1 5bc3 | f901 0000 | 8bb2 cc00 | 0000 83c6 | 0289 b2cc | 0000 0081 | e6fe ff1f 
  0x000001f9a52e97d0: 0085 f60f | 8485 1100 | 0041 8b70 | 0c48 c1e6 | 0348 3b06 

  0x000001f9a52e97e4: ;   {metadata(method data for {method} {0x000001f9c22919a8} 'release' '()V' in 'java/util/concurrent/Semaphore')}
  0x000001f9a52e97e4: 4c8b c648 | ba70 e15b | c3f9 0100 | 0048 8382 | 1001 0000 

  0x000001f9a52e97f8: ;   {metadata(method data for {method} {0x000001f9c123c0e0} 'releaseShared' '(I)Z' in 'java/util/concurrent/locks/AbstractQueuedSynchronizer')}
  0x000001f9a52e97f8: 0149 b838 | e7dd c1f9 | 0100 0041 | 8b90 cc00 | 0000 83c2 | 0241 8990 | cc00 0000 | 81e2 feff 
  0x000001f9a52e9818: 1f00 85d2 | 0f84 6211 | 0000 4c8b 

  0x000001f9a52e9824: ;   {metadata(method data for {method} {0x000001f9c123c0e0} 'releaseShared' '(I)Z' in 'java/util/concurrent/locks/AbstractQueuedSynchronizer')}
  0x000001f9a52e9824: c648 ba38 | e7dd c1f9 | 0100 0045 | 8b40 0849 | ba00 0000 | 0008 0000 | 004d 03c2 | 4c3b 8220 
  0x000001f9a52e9844: 0100 0075 | 0d48 8382 | 2801 0000 | 01e9 6000 | 0000 4c3b | 8230 0100 | 0075 0d48 | 8382 3801 
  0x000001f9a52e9864: 0000 01e9 | 4a00 0000 | 4883 ba20 | 0100 0000 | 7517 4c89 | 8220 0100 | 0048 c782 | 2801 0000 
  0x000001f9a52e9884: 0100 0000 | e929 0000 | 0048 83ba | 3001 0000 | 0075 174c | 8982 3001 | 0000 48c7 | 8238 0100 
  0x000001f9a52e98a4: 0001 0000 | 00e9 0800 | 0000 4883 | 8210 0100 | 0001 41b8 | 0100 0000 | 488b d648 | 8974 2468 
  0x000001f9a52e98c4: ;   {optimized virtual_call}
  0x000001f9a52e98c4: 6666 90e8 

  0x000001f9a52e98c8: ; ImmutableOopMap {[104]=Oop }
                      ;*invokevirtual tryReleaseShared {reexecute=0 rethrow=0 return_oop=0}
                      ; - java.util.concurrent.locks.AbstractQueuedSynchronizer::releaseShared@2 (line 1146)
                      ; - java.util.concurrent.Semaphore::release@5 (line 432)
                      ; - net.neoforged.fml.earlydisplay.DisplayWindow::renderThreadFunc@39 (line 192)
  0x000001f9a52e98c8: b4d8 f9ff 

  0x000001f9a52e98cc: ;   {other}
  0x000001f9a52e98cc: 0f1f 8400 | 3c08 0002 

  0x000001f9a52e98d4: ;   {metadata(method data for {method} {0x000001f9c123c0e0} 'releaseShared' '(I)Z' in 'java/util/concurrent/locks/AbstractQueuedSynchronizer')}
  0x000001f9a52e98d4: 85c0 48ba | 38e7 ddc1 | f901 0000 | 48c7 c648 | 0100 0074 | 0748 c7c6 | 5801 0000 | 488b 3c32 
  0x000001f9a52e98f4: 488d 7f01 | 4889 3c32 | 0f84 4d00 | 0000 488b | 7424 688b | 5614 48c1 

  0x000001f9a52e990c: ;   {metadata(method data for {method} {0x000001f9c123c0e0} 'releaseShared' '(I)Z' in 'java/util/concurrent/locks/AbstractQueuedSynchronizer')}
  0x000001f9a52e990c: e203 48be | 38e7 ddc1 | f901 0000 | 4883 8668 | 0100 0001 | 0f1f 8000 

  0x000001f9a52e9924: ;   {static_call}
  0x000001f9a52e9924: 0000 00e8 

  0x000001f9a52e9928: ; ImmutableOopMap {}
                      ;*invokestatic signalNext {reexecute=0 rethrow=0 return_oop=0}
                      ; - java.util.concurrent.locks.AbstractQueuedSynchronizer::releaseShared@12 (line 1147)
                      ; - java.util.concurrent.Semaphore::release@5 (line 432)
                      ; - net.neoforged.fml.earlydisplay.DisplayWindow::renderThreadFunc@39 (line 192)
  0x000001f9a52e9928: 74a9 1707 

  0x000001f9a52e992c: ;   {other}
  0x000001f9a52e992c: 0f1f 8400 | 9c08 0003 | ba01 0000 | 0048 81c4 | a000 0000 

  0x000001f9a52e9940: ;   {poll_return}
  0x000001f9a52e9940: 5d49 3ba7 | 4804 0000 | 0f87 5710 | 0000 c3ba | 0000 0000 | 4881 c4a0 | 0000 005d 

  0x000001f9a52e995c: ;   {poll_return}
  0x000001f9a52e995c: 493b a748 | 0400 000f | 8752 1000 | 00c3 49c7 | c280 9698 | 0049 03c2 | 4889 4218 | 488b 7210 
  0x000001f9a52e997c: ;   {metadata(method data for {method} {0x000001f9c2afb890} 'renderThreadFunc' '()V' in 'net/neoforged/fml/earlydisplay/DisplayWindow')}
  0x000001f9a52e997c: 48bf d818 | 6ac3 f901 | 0000 4883 | 8700 0200 | 0001 488b | d666 0f1f 

  0x000001f9a52e9994: ;   {static_call}
  0x000001f9a52e9994: 4400 00e8 

  0x000001f9a52e9998: ; ImmutableOopMap {[96]=Oop }
                      ;*invokestatic glfwMakeContextCurrent {reexecute=0 rethrow=0 return_oop=0}
                      ; - net.neoforged.fml.earlydisplay.DisplayWindow::renderThreadFunc@56 (line 175)
  0x000001f9a52e9998: 2471 68ff 

  0x000001f9a52e999c: ;   {other}
  0x000001f9a52e999c: 0f1f 8400 | 0c09 0004 | 488b 5424 | 6044 8b42 | 5449 c1e0 | 0349 3b00 

  0x000001f9a52e99b4: ;   {metadata(method data for {method} {0x000001f9c2afb890} 'renderThreadFunc' '()V' in 'net/neoforged/fml/earlydisplay/DisplayWindow')}
  0x000001f9a52e99b4: 498b f048 | bfd8 186a | c3f9 0100 

  0x000001f9a52e99c0: ;   {metadata('net/neoforged/fml/earlydisplay/EarlyFramebuffer')}
  0x000001f9a52e99c0: 0049 bac0 | 1234 0008 | 0000 004c | 8997 2002 | 0000 4883 | 8728 0200 

  0x000001f9a52e99d8: ;   {metadata(method data for {method} {0x000001f9c2b063f8} 'activate' '()V' in 'net/neoforged/fml/earlydisplay/EarlyFramebuffer')}
  0x000001f9a52e99d8: 0001 48be | d821 6ac3 | f901 0000 | 8bbe cc00 | 0000 83c7 | 0289 becc | 0000 0081 | e7fe ff1f 
  0x000001f9a52e99f8: 0085 ff0f | 84d5 0f00 | 0045 8b40 

  0x000001f9a52e9a04: ;   {metadata(method data for {method} {0x000001f9c2b063f8} 'activate' '()V' in 'net/neoforged/fml/earlydisplay/EarlyFramebuffer')}
  0x000001f9a52e9a04: 0c48 bed8 | 216a c3f9 | 0100 0048 | 8386 1001 | 0000 01ba | 408d 0000 

  0x000001f9a52e9a1c: ;   {static_call}
  0x000001f9a52e9a1c: 6666 90e8 

  0x000001f9a52e9a20: ; ImmutableOopMap {[96]=Oop }
                      ;*invokestatic glBindFramebuffer {reexecute=0 rethrow=0 return_oop=0}
                      ; - net.neoforged.fml.earlydisplay.EarlyFramebuffer::activate@6 (line 33)
                      ; - net.neoforged.fml.earlydisplay.DisplayWindow::renderThreadFunc@63 (line 176)
  0x000001f9a52e9a20: bcc0 5007 

  0x000001f9a52e9a24: ;   {other}
  0x000001f9a52e9a24: 0f1f 8400 | 9409 0005 | 488b 5424 | 6044 8b42 | 4c49 c1e0 | 0349 3b00 

  0x000001f9a52e9a3c: ;   {metadata(method data for {method} {0x000001f9c2afb890} 'renderThreadFunc' '()V' in 'net/neoforged/fml/earlydisplay/DisplayWindow')}
  0x000001f9a52e9a3c: 4d8b c848 | bfd8 186a | c3f9 0100 | 0048 8387 | 4802 0000 

  0x000001f9a52e9a50: ;   {metadata(method data for {method} {0x000001f9c2b053f8} 'scaledWidth' '()I' in 'net/neoforged/fml/earlydisplay/RenderElement$DisplayContext')}
  0x000001f9a52e9a50: 0149 b9b0 | 380f c3f9 | 0100 0041 | 8bb9 cc00 | 0000 83c7 | 0241 89b9 | cc00 0000 | 81e7 feff 
  0x000001f9a52e9a70: 1f00 85ff | 0f84 820f | 0000 4d8b 

  0x000001f9a52e9a7c: ;   {metadata(method data for {method} {0x000001f9c2b053f8} 'scaledWidth' '()I' in 'net/neoforged/fml/earlydisplay/RenderElement$DisplayContext')}
  0x000001f9a52e9a7c: c848 bfb0 | 380f c3f9 | 0100 0048 | 8387 1001 | 0000 0145 | 8b48 1449 

  0x000001f9a52e9a94: ;   {metadata(method data for {method} {0x000001f9c2b053f8} 'scaledWidth' '()I' in 'net/neoforged/fml/earlydisplay/RenderElement$DisplayContext')}
  0x000001f9a52e9a94: 8bf8 48be | b038 0fc3 | f901 0000 | 4883 8648 | 0100 0001 | 418b 780c 

  0x000001f9a52e9aac: ;   {metadata(method data for {method} {0x000001f9c2afb890} 'renderThreadFunc' '()V' in 'net/neoforged/fml/earlydisplay/DisplayWindow')}
  0x000001f9a52e9aac: 498b f048 | bbd8 186a | c3f9 0100 | 0048 8383 | 8002 0000 | 0141 0faf 

  0x000001f9a52e9ac4: ;   {metadata(method data for {method} {0x000001f9c2b054a8} 'scaledHeight' '()I' in 'net/neoforged/fml/earlydisplay/RenderElement$DisplayContext')}
  0x000001f9a52e9ac4: f948 be70 | ee0f c3f9 | 0100 008b | 9ecc 0000 | 0083 c302 | 899e cc00 | 0000 81e3 | feff 1f00 
  0x000001f9a52e9ae4: 85db 0f84 | 310f 0000 

  0x000001f9a52e9aec: ;   {metadata(method data for {method} {0x000001f9c2b054a8} 'scaledHeight' '()I' in 'net/neoforged/fml/earlydisplay/RenderElement$DisplayContext')}
  0x000001f9a52e9aec: 498b f048 | bb70 ee0f | c3f9 0100 | 0048 8383 | 1001 0000 | 0149 8bf0 

  0x000001f9a52e9b04: ;   {metadata(method data for {method} {0x000001f9c2b054a8} 'scaledHeight' '()I' in 'net/neoforged/fml/earlydisplay/RenderElement$DisplayContext')}
  0x000001f9a52e9b04: 48bb 70ee | 0fc3 f901 | 0000 4883 | 8348 0100 | 0001 458b 

  0x000001f9a52e9b18: ;   {metadata(method data for {method} {0x000001f9c2afb890} 'renderThreadFunc' '()V' in 'net/neoforged/fml/earlydisplay/DisplayWindow')}
  0x000001f9a52e9b18: 4010 48be | d818 6ac3 | f901 0000 | 4883 86b8 | 0200 0001 | 498b f041 | 0faf f1ba | 0000 0000 
  0x000001f9a52e9b38: 41b8 0000 | 0000 4c8b | cf48 8bfe 

  0x000001f9a52e9b44: ;   {static_call}
  0x000001f9a52e9b44: 6666 90e8 

  0x000001f9a52e9b48: ; ImmutableOopMap {[96]=Oop }
                      ;*invokestatic glViewport {reexecute=0 rethrow=0 return_oop=0}
                      ; - net.neoforged.fml.earlydisplay.DisplayWindow::renderThreadFunc@82 (line 177)
  0x000001f9a52e9b48: 1465 2b07 

  0x000001f9a52e9b4c: ;   {other}
  0x000001f9a52e9b4c: 0f1f 8400 | bc0a 0006 | 488b 5424 | 608b 724c | 48c1 e603 

  0x000001f9a52e9b60: ; implicit exception: dispatches to 0x000001f9a52eaa3e
  0x000001f9a52e9b60: 483b 0648 

  0x000001f9a52e9b64: ;   {metadata(method data for {method} {0x000001f9c2afb890} 'renderThreadFunc' '()V' in 'net/neoforged/fml/earlydisplay/DisplayWindow')}
  0x000001f9a52e9b64: 8bfe 48bb | d818 6ac3 | f901 0000 | 4883 83c8 | 0200 0001 | 8b76 1848 | c1e6 0348 | 3b06 488b 
  0x000001f9a52e9b84: ;   {metadata(method data for {method} {0x000001f9c2afb890} 'renderThreadFunc' '()V' in 'net/neoforged/fml/earlydisplay/DisplayWindow')}
  0x000001f9a52e9b84: fe48 bbd8 | 186a c3f9 

  0x000001f9a52e9b8c: ;   {metadata('net/neoforged/fml/earlydisplay/ElementShader')}
  0x000001f9a52e9b8c: 0100 0049 | baf8 623b | 0008 0000 | 004c 8993 | 1003 0000 | 4883 8318 | 0300 0001 

  0x000001f9a52e9ba8: ;   {metadata(method data for {method} {0x000001f9c2efe378} 'activate' '()V' in 'net/neoforged/fml/earlydisplay/ElementShader')}
  0x000001f9a52e9ba8: 48bf 3823 | 6ac3 f901 | 0000 8b9f | cc00 0000 | 83c3 0289 | 9fcc 0000 | 0081 e3fe | ff1f 0085 
  0x000001f9a52e9bc8: db0f 8479 | 0e00 008b 

  0x000001f9a52e9bd0: ;   {metadata(method data for {method} {0x000001f9c2efe378} 'activate' '()V' in 'net/neoforged/fml/earlydisplay/ElementShader')}
  0x000001f9a52e9bd0: 760c 48bf | 3823 6ac3 | f901 0000 | 4883 8710 | 0100 0001 

  0x000001f9a52e9be4: ;   {static_call}
  0x000001f9a52e9be4: 488b d6e8 

  0x000001f9a52e9be8: ; ImmutableOopMap {[96]=Oop }
                      ;*invokestatic glUseProgram {reexecute=0 rethrow=0 return_oop=0}
                      ; - net.neoforged.fml.earlydisplay.ElementShader::activate@4 (line 87)
                      ; - net.neoforged.fml.earlydisplay.DisplayWindow::renderThreadFunc@92 (line 178)
  0x000001f9a52e9be8: 7469 2a07 

  0x000001f9a52e9bec: ;   {other}
  0x000001f9a52e9bec: 0f1f 8400 | 5c0b 0007 | 488b 5424 | 608b 724c | 48c1 e603 

  0x000001f9a52e9c00: ; implicit exception: dispatches to 0x000001f9a52eaa69
  0x000001f9a52e9c00: 483b 0648 

  0x000001f9a52e9c04: ;   {metadata(method data for {method} {0x000001f9c2afb890} 'renderThreadFunc' '()V' in 'net/neoforged/fml/earlydisplay/DisplayWindow')}
  0x000001f9a52e9c04: 8bfe 48bb | d818 6ac3 | f901 0000 | 4883 8338 | 0300 0001 | 8b7e 1848 | c1e7 0348 

  0x000001f9a52e9c20: ;   {metadata(method data for {method} {0x000001f9c2afb890} 'renderThreadFunc' '()V' in 'net/neoforged/fml/earlydisplay/DisplayWindow')}
  0x000001f9a52e9c20: 8bde 48b8 | d818 6ac3 | f901 0000 | 4883 8070 | 0300 0001 

  0x000001f9a52e9c34: ;   {metadata(method data for {method} {0x000001f9c2b053f8} 'scaledWidth' '()I' in 'net/neoforged/fml/earlydisplay/RenderElement$DisplayContext')}
  0x000001f9a52e9c34: 48bb b038 | 0fc3 f901 | 0000 8b83 | cc00 0000 | 83c0 0289 | 83cc 0000 | 0025 feff | 1f00 85c0 
  0x000001f9a52e9c54: 0f84 140e | 0000 488b 

  0x000001f9a52e9c5c: ;   {metadata(method data for {method} {0x000001f9c2b053f8} 'scaledWidth' '()I' in 'net/neoforged/fml/earlydisplay/RenderElement$DisplayContext')}
  0x000001f9a52e9c5c: de48 b8b0 | 380f c3f9 | 0100 0048 | 8380 1001 | 0000 018b | 5e14 488b 

  0x000001f9a52e9c74: ;   {metadata(method data for {method} {0x000001f9c2b053f8} 'scaledWidth' '()I' in 'net/neoforged/fml/earlydisplay/RenderElement$DisplayContext')}
  0x000001f9a52e9c74: c648 b9b0 | 380f c3f9 | 0100 0048 | 8381 4801 | 0000 018b | 460c 488b 

  0x000001f9a52e9c8c: ;   {metadata(method data for {method} {0x000001f9c2afb890} 'renderThreadFunc' '()V' in 'net/neoforged/fml/earlydisplay/DisplayWindow')}
  0x000001f9a52e9c8c: ce49 b8d8 | 186a c3f9 | 0100 0049 | 8380 a803 | 0000 010f 

  0x000001f9a52e9ca0: ;   {metadata(method data for {method} {0x000001f9c2b054a8} 'scaledHeight' '()I' in 'net/neoforged/fml/earlydisplay/RenderElement$DisplayContext')}
  0x000001f9a52e9ca0: afc3 48b9 | 70ee 0fc3 | f901 0000 | 448b 81cc | 0000 0041 | 83c0 0244 | 8981 cc00 | 0000 4181 
  0x000001f9a52e9cc0: e0fe ff1f | 0045 85c0 | 0f84 c10d | 0000 488b 

  0x000001f9a52e9cd0: ;   {metadata(method data for {method} {0x000001f9c2b054a8} 'scaledHeight' '()I' in 'net/neoforged/fml/earlydisplay/RenderElement$DisplayContext')}
  0x000001f9a52e9cd0: ce49 b870 | ee0f c3f9 | 0100 0049 | 8380 1001 | 0000 0148 

  0x000001f9a52e9ce4: ;   {metadata(method data for {method} {0x000001f9c2b054a8} 'scaledHeight' '()I' in 'net/neoforged/fml/earlydisplay/RenderElement$DisplayContext')}
  0x000001f9a52e9ce4: 8bce 49b8 | 70ee 0fc3 | f901 0000 | 4983 8048 | 0100 0001 | 8b76 1048 | 3b07 488b 

  0x000001f9a52e9d00: ;   {metadata(method data for {method} {0x000001f9c2afb890} 'renderThreadFunc' '()V' in 'net/neoforged/fml/earlydisplay/DisplayWindow')}
  0x000001f9a52e9d00: cf49 b8d8 | 186a c3f9 

  0x000001f9a52e9d08: ;   {metadata('net/neoforged/fml/earlydisplay/ElementShader')}
  0x000001f9a52e9d08: 0100 0049 | baf8 623b | 0008 0000 | 004d 8990 | f003 0000 | 4983 80f8 | 0300 0001 

  0x000001f9a52e9d24: ;   {metadata(method data for {method} {0x000001f9c2efe4f8} 'updateScreenSizeUniform' '(II)V' in 'net/neoforged/fml/earlydisplay/ElementShader')}
  0x000001f9a52e9d24: 0faf f348 | bb98 246a | c3f9 0100 | 008b 8bcc | 0000 0083 | c102 898b | cc00 0000 | 81e1 feff 
  0x000001f9a52e9d44: 1f00 85c9 | 0f84 670d | 0000 8b7f 

  0x000001f9a52e9d50: ;   {metadata(method data for {method} {0x000001f9c2efe4f8} 'updateScreenSizeUniform' '(II)V' in 'net/neoforged/fml/earlydisplay/ElementShader')}
  0x000001f9a52e9d50: 1448 bb98 | 246a c3f9 | 0100 0048 | 8383 1001 | 0000 01c5 | fa2a c0c5 | f22a ce48 

  0x000001f9a52e9d6c: ;   {static_call}
  0x000001f9a52e9d6c: 8bd7 90e8 

  0x000001f9a52e9d70: ; ImmutableOopMap {[96]=Oop }
                      ;*invokestatic glUniform2f {reexecute=0 rethrow=0 return_oop=0}
                      ; - net.neoforged.fml.earlydisplay.ElementShader::updateScreenSizeUniform@8 (line 95)
                      ; - net.neoforged.fml.earlydisplay.DisplayWindow::renderThreadFunc@116 (line 179)
  0x000001f9a52e9d70: ec17 4207 

  0x000001f9a52e9d74: ;   {other}
  0x000001f9a52e9d74: 0f1f 8400 | e40c 0008 | 488b 5424 | 608b 7244 | 48c1 e603 

  0x000001f9a52e9d88: ; implicit exception: dispatches to 0x000001f9a52eaad6
  0x000001f9a52e9d88: 483b 0648 

  0x000001f9a52e9d8c: ;   {metadata(method data for {method} {0x000001f9c2afb890} 'renderThreadFunc' '()V' in 'net/neoforged/fml/earlydisplay/DisplayWindow')}
  0x000001f9a52e9d8c: 8bfe 48bb | d818 6ac3 | f901 0000 | 4883 8318 | 0400 0001 | 8b7e 1848 | c1e7 0348 | 3b07 488b 
  0x000001f9a52e9dac: ;   {metadata(method data for {method} {0x000001f9c2afb890} 'renderThreadFunc' '()V' in 'net/neoforged/fml/earlydisplay/DisplayWindow')}
  0x000001f9a52e9dac: df48 b8d8 | 186a c3f9 | 0100 0048 | 8380 5004 

  0x000001f9a52e9dbc: ;   {metadata(method data for {method} {0x000001f9c2bb1000} 'redf' '()F' in 'net/neoforged/fml/earlydisplay/ColourScheme$Colour')}
  0x000001f9a52e9dbc: 0000 0148 | bb18 011d | c3f9 0100 | 008b 83cc | 0000 0083 | c002 8983 | cc00 0000 | 25fe ff1f 
  0x000001f9a52e9ddc: 0085 c00f | 84fb 0c00 | 008b 5f0c 

  0x000001f9a52e9de8: ;   {metadata(method data for {method} {0x000001f9c2afb890} 'renderThreadFunc' '()V' in 'net/neoforged/fml/earlydisplay/DisplayWindow')}
  0x000001f9a52e9de8: 488b c648 | b9d8 186a | c3f9 0100 | 0048 8381 | 8804 0000 | 0148 8bc7 

  0x000001f9a52e9e00: ;   {metadata(method data for {method} {0x000001f9c2afb890} 'renderThreadFunc' '()V' in 'net/neoforged/fml/earlydisplay/DisplayWindow')}
  0x000001f9a52e9e00: 48b9 d818 | 6ac3 f901 | 0000 4883 | 81c0 0400 | 0001 c5fa 

  0x000001f9a52e9e14: ;   {section_word}
  0x000001f9a52e9e14: 2ac3 c5fa | 5e05 02f7 

  0x000001f9a52e9e1c: ;   {metadata(method data for {method} {0x000001f9c2bb10b0} 'greenf' '()F' in 'net/neoforged/fml/earlydisplay/ColourScheme$Colour')}
  0x000001f9a52e9e1c: ffff 48bb | 087e 1fc3 | f901 0000 | 8b83 cc00 | 0000 83c0 | 0289 83cc | 0000 0025 | feff 1f00 
  0x000001f9a52e9e3c: 85c0 0f84 | bd0c 0000 

  0x000001f9a52e9e44: ;   {metadata(method data for {method} {0x000001f9c2afb890} 'renderThreadFunc' '()V' in 'net/neoforged/fml/earlydisplay/DisplayWindow')}
  0x000001f9a52e9e44: 8b5f 1048 | b8d8 186a | c3f9 0100 | 0048 8380 | f804 0000 | 0148 8bf7 

  0x000001f9a52e9e5c: ;   {metadata(method data for {method} {0x000001f9c2afb890} 'renderThreadFunc' '()V' in 'net/neoforged/fml/earlydisplay/DisplayWindow')}
  0x000001f9a52e9e5c: 48b8 d818 | 6ac3 f901 | 0000 4883 | 8030 0500 | 0001 c5f2 

  0x000001f9a52e9e70: ;   {section_word}
  0x000001f9a52e9e70: 2acb c5f2 | 5e0d aaf6 

  0x000001f9a52e9e78: ;   {metadata(method data for {method} {0x000001f9c2bb1160} 'bluef' '()F' in 'net/neoforged/fml/earlydisplay/ColourScheme$Colour')}
  0x000001f9a52e9e78: ffff 48be | 7008 57c3 | f901 0000 | 8b9e cc00 | 0000 83c3 | 0289 9ecc | 0000 0081 | e3fe ff1f 
  0x000001f9a52e9e98: 0085 db0f | 8481 0c00 | 008b 7714 

  0x000001f9a52e9ea4: ;   {metadata(method data for {method} {0x000001f9c2afb890} 'renderThreadFunc' '()V' in 'net/neoforged/fml/earlydisplay/DisplayWindow')}
  0x000001f9a52e9ea4: 48bf d818 | 6ac3 f901 | 0000 4883 | 8768 0500 | 0001 c5ea 

  0x000001f9a52e9eb8: ;   {section_word}
  0x000001f9a52e9eb8: 2ad6 c5ea | 5e15 66f6 

  0x000001f9a52e9ec0: ;   {section_word}
  0x000001f9a52e9ec0: ffff c5fa | 101d 62f6 | ffff 0f1f 

  0x000001f9a52e9ecc: ;   {static_call}
  0x000001f9a52e9ecc: 4400 00e8 

  0x000001f9a52e9ed0: ; ImmutableOopMap {[96]=Oop }
                      ;*invokestatic glClearColor {reexecute=0 rethrow=0 return_oop=0}
                      ; - net.neoforged.fml.earlydisplay.DisplayWindow::renderThreadFunc@150 (line 180)
  0x000001f9a52e9ed0: 0c14 2d07 

  0x000001f9a52e9ed4: ;   {other}
  0x000001f9a52e9ed4: 0f1f 8400 | 440e 0009 | 488b 5424 

  0x000001f9a52e9ee0: ;   {metadata(method data for {method} {0x000001f9c2afb890} 'renderThreadFunc' '()V' in 'net/neoforged/fml/earlydisplay/DisplayWindow')}
  0x000001f9a52e9ee0: 6048 bed8 | 186a c3f9 | 0100 008b | 5208 49ba | 0000 0000 | 0800 0000 | 4903 d248 | 3b96 8805 
  0x000001f9a52e9f00: 0000 750d | 4883 8690 | 0500 0001 | e960 0000 | 0048 3b96 | 9805 0000 | 750d 4883 | 86a0 0500 
  0x000001f9a52e9f20: 0001 e94a | 0000 0048 | 83be 8805 | 0000 0075 | 1748 8996 | 8805 0000 | 48c7 8690 | 0500 0001 
  0x000001f9a52e9f40: 0000 00e9 | 2900 0000 | 4883 be98 | 0500 0000 | 7517 4889 | 9698 0500 | 0048 c786 | a005 0000 
  0x000001f9a52e9f60: 0100 0000 | e908 0000 | 0048 8386 | 7805 0000 | 0148 8b54 

  0x000001f9a52e9f74: ;   {optimized virtual_call}
  0x000001f9a52e9f74: 2460 90e8 

  0x000001f9a52e9f78: ; ImmutableOopMap {[96]=Oop }
                      ;*invokevirtual paintFramebuffer {reexecute=0 rethrow=0 return_oop=0}
                      ; - net.neoforged.fml.earlydisplay.DisplayWindow::renderThreadFunc@154 (line 181)
  0x000001f9a52e9f78: a43d 4b00 

  0x000001f9a52e9f7c: ;   {other}
  0x000001f9a52e9f7c: 0f1f 8400 | ec0e 000a | 488b 5424 | 608b 724c | 48c1 e603 

  0x000001f9a52e9f90: ; implicit exception: dispatches to 0x000001f9a52eab43
  0x000001f9a52e9f90: 483b 0648 

  0x000001f9a52e9f94: ;   {metadata(method data for {method} {0x000001f9c2afb890} 'renderThreadFunc' '()V' in 'net/neoforged/fml/earlydisplay/DisplayWindow')}
  0x000001f9a52e9f94: 8bfe 48bb | d818 6ac3 | f901 0000 | 4883 83b0 | 0500 0001 | 8b76 1848 | c1e6 0348 

  0x000001f9a52e9fb0: ;   {metadata(method data for {method} {0x000001f9c2afb890} 'renderThreadFunc' '()V' in 'net/neoforged/fml/earlydisplay/DisplayWindow')}
  0x000001f9a52e9fb0: 3b06 48bf | d818 6ac3 | f901 0000 

  0x000001f9a52e9fbc: ;   {metadata('net/neoforged/fml/earlydisplay/ElementShader')}
  0x000001f9a52e9fbc: 49ba f862 | 3b00 0800 | 0000 4c89 | 97f8 0500 | 0048 8387 | 0006 0000 

  0x000001f9a52e9fd4: ;   {metadata(method data for {method} {0x000001f9c2efe668} 'clear' '()V' in 'net/neoforged/fml/earlydisplay/ElementShader')}
  0x000001f9a52e9fd4: 0148 be48 | 286a c3f9 | 0100 008b | becc 0000 | 0083 c702 | 89be cc00 | 0000 81e7 | feff 1f00 
  0x000001f9a52e9ff4: 85ff 0f84 | 510b 0000 

  0x000001f9a52e9ffc: ;   {metadata(method data for {method} {0x000001f9c2efe668} 'clear' '()V' in 'net/neoforged/fml/earlydisplay/ElementShader')}
  0x000001f9a52e9ffc: 48be 4828 | 6ac3 f901 | 0000 4883 | 8610 0100 | 0001 ba00 | 0000 000f 

  0x000001f9a52ea014: ;   {static_call}
  0x000001f9a52ea014: 1f40 00e8 

  0x000001f9a52ea018: ; ImmutableOopMap {[96]=Oop }
                      ;*invokestatic glUseProgram {reexecute=0 rethrow=0 return_oop=0}
                      ; - net.neoforged.fml.earlydisplay.ElementShader::clear@1 (line 103)
                      ; - net.neoforged.fml.earlydisplay.DisplayWindow::renderThreadFunc@164 (line 182)
  0x000001f9a52ea018: 4465 2a07 

  0x000001f9a52ea01c: ;   {other}
  0x000001f9a52ea01c: 0f1f 8400 | 8c0f 000b | 488b 5424 | 6044 8b42 | 5449 c1e0 | 0349 3b00 

  0x000001f9a52ea034: ;   {metadata(method data for {method} {0x000001f9c2afb890} 'renderThreadFunc' '()V' in 'net/neoforged/fml/earlydisplay/DisplayWindow')}
  0x000001f9a52ea034: 48be d818 | 6ac3 f901 

  0x000001f9a52ea03c: ;   {metadata('net/neoforged/fml/earlydisplay/EarlyFramebuffer')}
  0x000001f9a52ea03c: 0000 49ba | c012 3400 | 0800 0000 | 4c89 9630 | 0600 0048 | 8386 3806 

  0x000001f9a52ea054: ;   {metadata(method data for {method} {0x000001f9c2b064a8} 'deactivate' '()V' in 'net/neoforged/fml/earlydisplay/EarlyFramebuffer')}
  0x000001f9a52ea054: 0000 0149 | b8a8 296a | c3f9 0100 | 0041 8bb0 | cc00 0000 | 83c6 0241 | 89b0 cc00 | 0000 81e6 
  0x000001f9a52ea074: feff 1f00 | 85f6 0f84 | f30a 0000 

  0x000001f9a52ea080: ;   {metadata(method data for {method} {0x000001f9c2b064a8} 'deactivate' '()V' in 'net/neoforged/fml/earlydisplay/EarlyFramebuffer')}
  0x000001f9a52ea080: 49b8 a829 | 6ac3 f901 | 0000 4983 | 8010 0100 | 0001 ba40 | 8d00 0041 | b800 0000 

  0x000001f9a52ea09c: ;   {static_call}
  0x000001f9a52ea09c: 0066 90e8 

  0x000001f9a52ea0a0: ; ImmutableOopMap {[96]=Oop }
                      ;*invokestatic glBindFramebuffer {reexecute=0 rethrow=0 return_oop=0}
                      ; - net.neoforged.fml.earlydisplay.EarlyFramebuffer::deactivate@3 (line 37)
                      ; - net.neoforged.fml.earlydisplay.DisplayWindow::renderThreadFunc@171 (line 183)
  0x000001f9a52ea0a0: 3cba 5007 

  0x000001f9a52ea0a4: ;   {other}
  0x000001f9a52ea0a4: 0f1f 8400 | 1410 000c | 488b 5424 | 6044 8b4a | 208b 7a24 

  0x000001f9a52ea0b8: ;   {metadata(method data for {method} {0x000001f9c2afb890} 'renderThreadFunc' '()V' in 'net/neoforged/fml/earlydisplay/DisplayWindow')}
  0x000001f9a52ea0b8: 49b8 d818 | 6ac3 f901 | 0000 4983 | 8058 0600 | 0001 ba00 | 0000 0041 | b800 0000 

  0x000001f9a52ea0d4: ;   {static_call}
  0x000001f9a52ea0d4: 0066 90e8 

  0x000001f9a52ea0d8: ; ImmutableOopMap {[96]=Oop }
                      ;*invokestatic glViewport {reexecute=0 rethrow=0 return_oop=0}
                      ; - net.neoforged.fml.earlydisplay.DisplayWindow::renderThreadFunc@184 (line 184)
  0x000001f9a52ea0d8: 845f 2b07 

  0x000001f9a52ea0dc: ;   {other}
  0x000001f9a52ea0dc: 0f1f 8400 | 4c10 000d | 488b 5424 | 608b 7254 | 48c1 e603 | 448b 4220 | 448b 4a24 

  0x000001f9a52ea0f8: ; implicit exception: dispatches to 0x000001f9a52eab94
  0x000001f9a52ea0f8: 483b 0648 

  0x000001f9a52ea0fc: ;   {metadata(method data for {method} {0x000001f9c2afb890} 'renderThreadFunc' '()V' in 'net/neoforged/fml/earlydisplay/DisplayWindow')}
  0x000001f9a52ea0fc: 8bfe 48bb | d818 6ac3 | f901 0000 

  0x000001f9a52ea108: ;   {metadata('net/neoforged/fml/earlydisplay/EarlyFramebuffer')}
  0x000001f9a52ea108: 49ba c012 | 3400 0800 | 0000 4c89 | 9378 0600 | 0048 8383 | 8006 0000 | 0148 8bd6 

  0x000001f9a52ea124: ;   {optimized virtual_call}
  0x000001f9a52ea124: 6666 90e8 

  0x000001f9a52ea128: ; ImmutableOopMap {[96]=Oop }
                      ;*invokevirtual draw {reexecute=0 rethrow=0 return_oop=0}
                      ; - net.neoforged.fml.earlydisplay.DisplayWindow::renderThreadFunc@199 (line 185)
  0x000001f9a52ea128: d452 4b00 

  0x000001f9a52ea12c: ;   {other}
  0x000001f9a52ea12c: 0f1f 8400 | 9c10 000e | 488b 5424 | 6048 8b72 

  0x000001f9a52ea13c: ;   {metadata(method data for {method} {0x000001f9c2afb890} 'renderThreadFunc' '()V' in 'net/neoforged/fml/earlydisplay/DisplayWindow')}
  0x000001f9a52ea13c: 1048 bfd8 | 186a c3f9 | 0100 0048 | 8387 a006 | 0000 0148 | 8bd6 0f1f 

  0x000001f9a52ea154: ;   {static_call}
  0x000001f9a52ea154: 4400 00e8 

  0x000001f9a52ea158: ; ImmutableOopMap {[96]=Oop }
                      ;*invokestatic glfwSwapBuffers {reexecute=0 rethrow=0 return_oop=0}
                      ; - net.neoforged.fml.earlydisplay.DisplayWindow::renderThreadFunc@206 (line 187)
  0x000001f9a52ea158: 0463 4b00 

  0x000001f9a52ea15c: ;   {other}
  0x000001f9a52ea15c: 0f1f 8400 | cc10 000f | 488b 5424 | 608b 7258 | 48c1 e603 

  0x000001f9a52ea170: ;   {metadata(method data for {method} {0x000001f9c2afb890} 'renderThreadFunc' '()V' in 'net/neoforged/fml/earlydisplay/DisplayWindow')}
  0x000001f9a52ea170: 4885 f648 | bed8 186a | c3f9 0100 | 0048 c7c7 | b006 0000 | 7407 48c7 | c7c0 0600 | 0048 8b1c 
  0x000001f9a52ea190: 3e48 8d5b | 0148 891c | 3e0f 8432 

  0x000001f9a52ea19c: ;   {metadata(method data for {method} {0x000001f9c2afb890} 'renderThreadFunc' '()V' in 'net/neoforged/fml/earlydisplay/DisplayWindow')}
  0x000001f9a52ea19c: 0000 0048 | bed8 186a | c3f9 0100 | 0048 8386 | d006 0000 | 0148 c7c2 | 0000 0000 | 0f1f 8000 
  0x000001f9a52ea1bc: ;   {static_call}
  0x000001f9a52ea1bc: 0000 00e8 

  0x000001f9a52ea1c0: ; ImmutableOopMap {[96]=Oop }
                      ;*invokestatic glfwMakeContextCurrent {reexecute=0 rethrow=0 return_oop=0}
                      ; - net.neoforged.fml.earlydisplay.DisplayWindow::renderThreadFunc@217 (line 191)
  0x000001f9a52ea1c0: fc68 68ff 

  0x000001f9a52ea1c4: ;   {other}
  0x000001f9a52ea1c4: 0f1f 8400 | 3411 0010 | 488b 5424 | 6044 8b42 | 6c49 c1e0 | 0349 3b00 

  0x000001f9a52ea1dc: ;   {metadata(method data for {method} {0x000001f9c2afb890} 'renderThreadFunc' '()V' in 'net/neoforged/fml/earlydisplay/DisplayWindow')}
  0x000001f9a52ea1dc: 498b d048 | bed8 186a | c3f9 0100 

  0x000001f9a52ea1e8: ;   {metadata('java/util/concurrent/Semaphore')}
  0x000001f9a52ea1e8: 0049 baa8 | fa25 0008 | 0000 004c | 8996 f006 | 0000 4883 | 86f8 0600 

  0x000001f9a52ea200: ;   {metadata(method data for {method} {0x000001f9c22919a8} 'release' '()V' in 'java/util/concurrent/Semaphore')}
  0x000001f9a52ea200: 0001 48ba | 70e1 5bc3 | f901 0000 | 8bb2 cc00 | 0000 83c6 | 0289 b2cc | 0000 0081 | e6fe ff1f 
  0x000001f9a52ea220: 0085 f60f | 8475 0900 | 0041 8b70 | 0c48 c1e6 | 0348 3b06 

  0x000001f9a52ea234: ;   {metadata(method data for {method} {0x000001f9c22919a8} 'release' '()V' in 'java/util/concurrent/Semaphore')}
  0x000001f9a52ea234: 4c8b c648 | ba70 e15b | c3f9 0100 | 0048 8382 | 1001 0000 

  0x000001f9a52ea248: ;   {metadata(method data for {method} {0x000001f9c123c0e0} 'releaseShared' '(I)Z' in 'java/util/concurrent/locks/AbstractQueuedSynchronizer')}
  0x000001f9a52ea248: 0149 b838 | e7dd c1f9 | 0100 0041 | 8b90 cc00 | 0000 83c2 | 0241 8990 | cc00 0000 | 81e2 feff 
  0x000001f9a52ea268: 1f00 85d2 | 0f84 5209 | 0000 4c8b 

  0x000001f9a52ea274: ;   {metadata(method data for {method} {0x000001f9c123c0e0} 'releaseShared' '(I)Z' in 'java/util/concurrent/locks/AbstractQueuedSynchronizer')}
  0x000001f9a52ea274: c648 ba38 | e7dd c1f9 | 0100 0045 | 8b40 0849 | ba00 0000 | 0008 0000 | 004d 03c2 | 4c3b 8220 
  0x000001f9a52ea294: 0100 0075 | 0d48 8382 | 2801 0000 | 01e9 6000 | 0000 4c3b | 8230 0100 | 0075 0d48 | 8382 3801 
  0x000001f9a52ea2b4: 0000 01e9 | 4a00 0000 | 4883 ba20 | 0100 0000 | 7517 4c89 | 8220 0100 | 0048 c782 | 2801 0000 
  0x000001f9a52ea2d4: 0100 0000 | e929 0000 | 0048 83ba | 3001 0000 | 0075 174c | 8982 3001 | 0000 48c7 | 8238 0100 
  0x000001f9a52ea2f4: 0001 0000 | 00e9 0800 | 0000 4883 | 8210 0100 | 0001 41b8 | 0100 0000 | 488b d648 | 8974 2470 
  0x000001f9a52ea314: ;   {optimized virtual_call}
  0x000001f9a52ea314: 6666 90e8 

  0x000001f9a52ea318: ; ImmutableOopMap {[112]=Oop }
                      ;*invokevirtual tryReleaseShared {reexecute=0 rethrow=0 return_oop=0}
                      ; - java.util.concurrent.locks.AbstractQueuedSynchronizer::releaseShared@2 (line 1146)
                      ; - java.util.concurrent.Semaphore::release@5 (line 432)
                      ; - net.neoforged.fml.earlydisplay.DisplayWindow::renderThreadFunc@224 (line 192)
  0x000001f9a52ea318: 64ce f9ff 

  0x000001f9a52ea31c: ;   {other}
  0x000001f9a52ea31c: 0f1f 8400 | 8c12 0011 

  0x000001f9a52ea324: ;   {metadata(method data for {method} {0x000001f9c123c0e0} 'releaseShared' '(I)Z' in 'java/util/concurrent/locks/AbstractQueuedSynchronizer')}
  0x000001f9a52ea324: 85c0 48ba | 38e7 ddc1 | f901 0000 | 48c7 c648 | 0100 0074 | 0748 c7c6 | 5801 0000 | 488b 3c32 
  0x000001f9a52ea344: 488d 7f01 | 4889 3c32 | 0f84 3c00 | 0000 488b | 7424 708b | 5614 48c1 

  0x000001f9a52ea35c: ;   {metadata(method data for {method} {0x000001f9c123c0e0} 'releaseShared' '(I)Z' in 'java/util/concurrent/locks/AbstractQueuedSynchronizer')}
  0x000001f9a52ea35c: e203 48be | 38e7 ddc1 | f901 0000 | 4883 8668 | 0100 0001 | 0f1f 8000 

  0x000001f9a52ea374: ;   {static_call}
  0x000001f9a52ea374: 0000 00e8 

  0x000001f9a52ea378: ; ImmutableOopMap {}
                      ;*invokestatic signalNext {reexecute=0 rethrow=0 return_oop=0}
                      ; - java.util.concurrent.locks.AbstractQueuedSynchronizer::releaseShared@12 (line 1147)
                      ; - java.util.concurrent.Semaphore::release@5 (line 432)
                      ; - net.neoforged.fml.earlydisplay.DisplayWindow::renderThreadFunc@224 (line 192)
  0x000001f9a52ea378: 249f 1707 

  0x000001f9a52ea37c: ;   {other}
  0x000001f9a52ea37c: 0f1f 8400 | ec12 0012 | b801 0000 | 00e9 2005 | 0000 b800 | 0000 00e9 | 1605 0000 | 498b 87f8 
  0x000001f9a52ea39c: 0400 004d | 33d2 4d89 | 97f8 0400 | 004d 33d2 | 4d89 9700 

  0x000001f9a52ea3b0: ;   {oop(a 'org/apache/logging/slf4j/Log4jLogger'{0x000000060018e620})}
  0x000001f9a52ea3b0: 0500 0048 | be20 e618 | 0006 0000 | 004c 8bc6 

  0x000001f9a52ea3c0: ;   {metadata(method data for {method} {0x000001f9c2afb890} 'renderThreadFunc' '()V' in 'net/neoforged/fml/earlydisplay/DisplayWindow')}
  0x000001f9a52ea3c0: 49b9 d818 | 6ac3 f901 

  0x000001f9a52ea3c8: ;   {metadata('org/apache/logging/slf4j/Log4jLogger')}
  0x000001f9a52ea3c8: 0000 49ba | d8c5 2800 | 0800 0000 | 4d89 9140 | 0700 0049 | 8381 4807 

  0x000001f9a52ea3e0: ;   {oop("BARF"{0x00000006255f3290})}
  0x000001f9a52ea3e0: 0000 0149 | b890 325f | 2506 0000 | 004c 8bc8 | 488b d60f 

  0x000001f9a52ea3f4: ;   {optimized virtual_call}
  0x000001f9a52ea3f4: 1f40 00e8 

  0x000001f9a52ea3f8: ; ImmutableOopMap {[96]=Oop }
                      ;*invokeinterface error {reexecute=0 rethrow=0 return_oop=0}
                      ; - net.neoforged.fml.earlydisplay.DisplayWindow::renderThreadFunc@238 (line 189)
  0x000001f9a52ea3f8: 8446 bb06 

  0x000001f9a52ea3fc: ;   {other}
  0x000001f9a52ea3fc: 0f1f 8400 | 6c13 0013 | 488b 5424 | 608b 7258 | 48c1 e603 

  0x000001f9a52ea410: ;   {metadata(method data for {method} {0x000001f9c2afb890} 'renderThreadFunc' '()V' in 'net/neoforged/fml/earlydisplay/DisplayWindow')}
  0x000001f9a52ea410: 4885 f648 | bed8 186a | c3f9 0100 | 0048 c7c7 | 6807 0000 | 7407 48c7 | c778 0700 | 0048 8b1c 
  0x000001f9a52ea430: 3e48 8d5b | 0148 891c | 3e0f 8432 

  0x000001f9a52ea43c: ;   {metadata(method data for {method} {0x000001f9c2afb890} 'renderThreadFunc' '()V' in 'net/neoforged/fml/earlydisplay/DisplayWindow')}
  0x000001f9a52ea43c: 0000 0048 | bed8 186a | c3f9 0100 | 0048 8386 | 8807 0000 | 0148 c7c2 | 0000 0000 | 0f1f 8000 
  0x000001f9a52ea45c: ;   {static_call}
  0x000001f9a52ea45c: 0000 00e8 

  0x000001f9a52ea460: ; ImmutableOopMap {[96]=Oop }
                      ;*invokestatic glfwMakeContextCurrent {reexecute=0 rethrow=0 return_oop=0}
                      ; - net.neoforged.fml.earlydisplay.DisplayWindow::renderThreadFunc@251 (line 191)
  0x000001f9a52ea460: 1c4c bb06 

  0x000001f9a52ea464: ;   {other}
  0x000001f9a52ea464: 0f1f 8400 | d413 0014 | 488b 5424 | 6044 8b42 | 6c49 c1e0 | 0349 3b00 

  0x000001f9a52ea47c: ;   {metadata(method data for {method} {0x000001f9c2afb890} 'renderThreadFunc' '()V' in 'net/neoforged/fml/earlydisplay/DisplayWindow')}
  0x000001f9a52ea47c: 498b d048 | bed8 186a | c3f9 0100 

  0x000001f9a52ea488: ;   {metadata('java/util/concurrent/Semaphore')}
  0x000001f9a52ea488: 0049 baa8 | fa25 0008 | 0000 004c | 8996 a807 | 0000 4883 | 86b0 0700 

  0x000001f9a52ea4a0: ;   {metadata(method data for {method} {0x000001f9c22919a8} 'release' '()V' in 'java/util/concurrent/Semaphore')}
  0x000001f9a52ea4a0: 0001 48ba | 70e1 5bc3 | f901 0000 | 8bb2 cc00 | 0000 83c6 | 0289 b2cc | 0000 0081 | e6fe ff1f 
  0x000001f9a52ea4c0: 0085 f60f | 8421 0700 | 0041 8b70 | 0c48 c1e6 | 0348 3b06 

  0x000001f9a52ea4d4: ;   {metadata(method data for {method} {0x000001f9c22919a8} 'release' '()V' in 'java/util/concurrent/Semaphore')}
  0x000001f9a52ea4d4: 4c8b c648 | ba70 e15b | c3f9 0100 | 0048 8382 | 1001 0000 

  0x000001f9a52ea4e8: ;   {metadata(method data for {method} {0x000001f9c123c0e0} 'releaseShared' '(I)Z' in 'java/util/concurrent/locks/AbstractQueuedSynchronizer')}
  0x000001f9a52ea4e8: 0149 b838 | e7dd c1f9 | 0100 0041 | 8b90 cc00 | 0000 83c2 | 0241 8990 | cc00 0000 | 81e2 feff 
  0x000001f9a52ea508: 1f00 85d2 | 0f84 fe06 | 0000 4c8b 

  0x000001f9a52ea514: ;   {metadata(method data for {method} {0x000001f9c123c0e0} 'releaseShared' '(I)Z' in 'java/util/concurrent/locks/AbstractQueuedSynchronizer')}
  0x000001f9a52ea514: c648 ba38 | e7dd c1f9 | 0100 0045 | 8b40 0849 | ba00 0000 | 0008 0000 | 004d 03c2 | 4c3b 8220 
  0x000001f9a52ea534: 0100 0075 | 0d48 8382 | 2801 0000 | 01e9 6000 | 0000 4c3b | 8230 0100 | 0075 0d48 | 8382 3801 
  0x000001f9a52ea554: 0000 01e9 | 4a00 0000 | 4883 ba20 | 0100 0000 | 7517 4c89 | 8220 0100 | 0048 c782 | 2801 0000 
  0x000001f9a52ea574: 0100 0000 | e929 0000 | 0048 83ba | 3001 0000 | 0075 174c | 8982 3001 | 0000 48c7 | 8238 0100 
  0x000001f9a52ea594: 0001 0000 | 00e9 0800 | 0000 4883 | 8210 0100 | 0001 41b8 | 0100 0000 | 488b d648 | 8974 2478 
  0x000001f9a52ea5b4: ;   {optimized virtual_call}
  0x000001f9a52ea5b4: 6666 90e8 

  0x000001f9a52ea5b8: ; ImmutableOopMap {[120]=Oop }
                      ;*invokevirtual tryReleaseShared {reexecute=0 rethrow=0 return_oop=0}
                      ; - java.util.concurrent.locks.AbstractQueuedSynchronizer::releaseShared@2 (line 1146)
                      ; - java.util.concurrent.Semaphore::release@5 (line 432)
                      ; - net.neoforged.fml.earlydisplay.DisplayWindow::renderThreadFunc@258 (line 192)
  0x000001f9a52ea5b8: c444 bb06 

  0x000001f9a52ea5bc: ;   {other}
  0x000001f9a52ea5bc: 0f1f 8400 | 2c15 0015 

  0x000001f9a52ea5c4: ;   {metadata(method data for {method} {0x000001f9c123c0e0} 'releaseShared' '(I)Z' in 'java/util/concurrent/locks/AbstractQueuedSynchronizer')}
  0x000001f9a52ea5c4: 85c0 48ba | 38e7 ddc1 | f901 0000 | 48c7 c648 | 0100 0074 | 0748 c7c6 | 5801 0000 | 488b 3c32 
  0x000001f9a52ea5e4: 488d 7f01 | 4889 3c32 | 0f84 3c00 | 0000 488b | 7424 788b | 5614 48c1 

  0x000001f9a52ea5fc: ;   {metadata(method data for {method} {0x000001f9c123c0e0} 'releaseShared' '(I)Z' in 'java/util/concurrent/locks/AbstractQueuedSynchronizer')}
  0x000001f9a52ea5fc: e203 48be | 38e7 ddc1 | f901 0000 | 4883 8668 | 0100 0001 | 0f1f 8000 

  0x000001f9a52ea614: ;   {static_call}
  0x000001f9a52ea614: 0000 00e8 

  0x000001f9a52ea618: ; ImmutableOopMap {}
                      ;*invokestatic signalNext {reexecute=0 rethrow=0 return_oop=0}
                      ; - java.util.concurrent.locks.AbstractQueuedSynchronizer::releaseShared@12 (line 1147)
                      ; - java.util.concurrent.Semaphore::release@5 (line 432)
                      ; - net.neoforged.fml.earlydisplay.DisplayWindow::renderThreadFunc@258 (line 192)
  0x000001f9a52ea618: 644a bb06 

  0x000001f9a52ea61c: ;   {other}
  0x000001f9a52ea61c: 0f1f 8400 | 8c15 0016 | b801 0000 | 00e9 5a02 | 0000 b800 | 0000 00e9 | 5002 0000 | 488b 5424 
  0x000001f9a52ea63c: 6049 8b87 | f804 0000 | 4d33 d24d | 8997 f804 | 0000 4d33 | d24d 8997 | 0005 0000 | 8b72 5848 
  0x000001f9a52ea65c: c1e6 0348 

  0x000001f9a52ea660: ;   {metadata(method data for {method} {0x000001f9c2afb890} 'renderThreadFunc' '()V' in 'net/neoforged/fml/earlydisplay/DisplayWindow')}
  0x000001f9a52ea660: 85f6 48be | d818 6ac3 | f901 0000 | 48c7 c7e8 | 0700 0074 | 0748 c7c7 | f807 0000 | 488b 1c3e 
  0x000001f9a52ea680: 488d 5b01 | 4889 1c3e | 4889 8424 | 8000 0000 | 0f84 2b00 

  0x000001f9a52ea694: ;   {metadata(method data for {method} {0x000001f9c2afb890} 'renderThreadFunc' '()V' in 'net/neoforged/fml/earlydisplay/DisplayWindow')}
  0x000001f9a52ea694: 0000 48be | d818 6ac3 | f901 0000 | 4883 8608 | 0800 0001 | 48c7 c200 

  0x000001f9a52ea6ac: ;   {static_call}
  0x000001f9a52ea6ac: 0000 00e8 

  0x000001f9a52ea6b0: ; ImmutableOopMap {[96]=Oop [128]=Oop }
                      ;*invokestatic glfwMakeContextCurrent {reexecute=0 rethrow=0 return_oop=0}
                      ; - net.neoforged.fml.earlydisplay.DisplayWindow::renderThreadFunc@273 (line 191)
  0x000001f9a52ea6b0: cc49 bb06 

  0x000001f9a52ea6b4: ;   {other}
  0x000001f9a52ea6b4: 0f1f 8400 | 2416 0017 | 488b 5424 | 6044 8b42 | 6c49 c1e0 | 0349 3b00 

  0x000001f9a52ea6cc: ;   {metadata(method data for {method} {0x000001f9c2afb890} 'renderThreadFunc' '()V' in 'net/neoforged/fml/earlydisplay/DisplayWindow')}
  0x000001f9a52ea6cc: 498b d048 | bed8 186a | c3f9 0100 

  0x000001f9a52ea6d8: ;   {metadata('java/util/concurrent/Semaphore')}
  0x000001f9a52ea6d8: 0049 baa8 | fa25 0008 | 0000 004c | 8996 2808 | 0000 4883 | 8630 0800 

  0x000001f9a52ea6f0: ;   {metadata(method data for {method} {0x000001f9c22919a8} 'release' '()V' in 'java/util/concurrent/Semaphore')}
  0x000001f9a52ea6f0: 0001 48ba | 70e1 5bc3 | f901 0000 | 8bb2 cc00 | 0000 83c6 | 0289 b2cc | 0000 0081 | e6fe ff1f 
  0x000001f9a52ea710: 0085 f60f | 841d 0500 | 0041 8b70 | 0c48 c1e6 | 0348 3b06 

  0x000001f9a52ea724: ;   {metadata(method data for {method} {0x000001f9c22919a8} 'release' '()V' in 'java/util/concurrent/Semaphore')}
  0x000001f9a52ea724: 4c8b c648 | ba70 e15b | c3f9 0100 | 0048 8382 | 1001 0000 

  0x000001f9a52ea738: ;   {metadata(method data for {method} {0x000001f9c123c0e0} 'releaseShared' '(I)Z' in 'java/util/concurrent/locks/AbstractQueuedSynchronizer')}
  0x000001f9a52ea738: 0149 b838 | e7dd c1f9 | 0100 0041 | 8b90 cc00 | 0000 83c2 | 0241 8990 | cc00 0000 | 81e2 feff 
  0x000001f9a52ea758: 1f00 85d2 | 0f84 fa04 | 0000 4c8b 

  0x000001f9a52ea764: ;   {metadata(method data for {method} {0x000001f9c123c0e0} 'releaseShared' '(I)Z' in 'java/util/concurrent/locks/AbstractQueuedSynchronizer')}
  0x000001f9a52ea764: c648 ba38 | e7dd c1f9 | 0100 0045 | 8b40 0849 | ba00 0000 | 0008 0000 | 004d 03c2 | 4c3b 8220 
  0x000001f9a52ea784: 0100 0075 | 0d48 8382 | 2801 0000 | 01e9 6000 | 0000 4c3b | 8230 0100 | 0075 0d48 | 8382 3801 
  0x000001f9a52ea7a4: 0000 01e9 | 4a00 0000 | 4883 ba20 | 0100 0000 | 7517 4c89 | 8220 0100 | 0048 c782 | 2801 0000 
  0x000001f9a52ea7c4: 0100 0000 | e929 0000 | 0048 83ba | 3001 0000 | 0075 174c | 8982 3001 | 0000 48c7 | 8238 0100 
  0x000001f9a52ea7e4: 0001 0000 | 00e9 0800 | 0000 4883 | 8210 0100 | 0001 41b8 | 0100 0000 | 488b d648 | 89b4 2488 
  0x000001f9a52ea804: ;   {optimized virtual_call}
  0x000001f9a52ea804: 0000 00e8 

  0x000001f9a52ea808: ; ImmutableOopMap {[128]=Oop [136]=Oop }
                      ;*invokevirtual tryReleaseShared {reexecute=0 rethrow=0 return_oop=0}
                      ; - java.util.concurrent.locks.AbstractQueuedSynchronizer::releaseShared@2 (line 1146)
                      ; - java.util.concurrent.Semaphore::release@5 (line 432)
                      ; - net.neoforged.fml.earlydisplay.DisplayWindow::renderThreadFunc@280 (line 192)
  0x000001f9a52ea808: 7442 bb06 

  0x000001f9a52ea80c: ;   {other}
  0x000001f9a52ea80c: 0f1f 8400 | 7c17 0018 

  0x000001f9a52ea814: ;   {metadata(method data for {method} {0x000001f9c123c0e0} 'releaseShared' '(I)Z' in 'java/util/concurrent/locks/AbstractQueuedSynchronizer')}
  0x000001f9a52ea814: 85c0 48ba | 38e7 ddc1 | f901 0000 | 48c7 c648 | 0100 0074 | 0748 c7c6 | 5801 0000 | 488b 3c32 
  0x000001f9a52ea834: 488d 7f01 | 4889 3c32 | 0f84 3c00 | 0000 488b | b424 8800 | 0000 8b56 | 1448 c1e2 

  0x000001f9a52ea850: ;   {metadata(method data for {method} {0x000001f9c123c0e0} 'releaseShared' '(I)Z' in 'java/util/concurrent/locks/AbstractQueuedSynchronizer')}
  0x000001f9a52ea850: 0348 be38 | e7dd c1f9 | 0100 0048 | 8386 6801 | 0000 010f 

  0x000001f9a52ea864: ;   {static_call}
  0x000001f9a52ea864: 1f40 00e8 

  0x000001f9a52ea868: ; ImmutableOopMap {[128]=Oop }
                      ;*invokestatic signalNext {reexecute=0 rethrow=0 return_oop=0}
                      ; - java.util.concurrent.locks.AbstractQueuedSynchronizer::releaseShared@12 (line 1147)
                      ; - java.util.concurrent.Semaphore::release@5 (line 432)
                      ; - net.neoforged.fml.earlydisplay.DisplayWindow::renderThreadFunc@280 (line 192)
  0x000001f9a52ea868: 1448 bb06 

  0x000001f9a52ea86c: ;   {other}
  0x000001f9a52ea86c: 0f1f 8400 | dc17 0019 | b801 0000 | 00e9 8200 | 0000 b800 | 0000 00e9 | 7800 0000 

  0x000001f9a52ea888: ;   {metadata(method data for {method} {0x000001f9c2afb890} 'renderThreadFunc' '()V' in 'net/neoforged/fml/earlydisplay/DisplayWindow')}
  0x000001f9a52ea888: 48b8 d818 | 6ac3 f901 | 0000 ff80 | d007 0000 | 4881 c4a0 | 0000 005d 

  0x000001f9a52ea8a0: ;   {poll_return}
  0x000001f9a52ea8a0: 493b a748 | 0400 000f | 87d0 0300 

  0x000001f9a52ea8ac: ;   {metadata(method data for {method} {0x000001f9c2afb890} 'renderThreadFunc' '()V' in 'net/neoforged/fml/earlydisplay/DisplayWindow')}
  0x000001f9a52ea8ac: 00c3 48b8 | d818 6ac3 | f901 0000 | ff80 1807 | 0000 4881 | c4a0 0000 

  0x000001f9a52ea8c4: ;   {poll_return}
  0x000001f9a52ea8c4: 005d 493b | a748 0400 | 000f 87c0 | 0300 00c3 | 4881 c4a0 | 0000 005d 

  0x000001f9a52ea8dc: ;   {poll_return}
  0x000001f9a52ea8dc: 493b a748 | 0400 000f | 87c0 0300 | 00c3 4881 | c4a0 0000 

  0x000001f9a52ea8f0: ;   {poll_return}
  0x000001f9a52ea8f0: 005d 493b | a748 0400 | 000f 87c0 | 0300 00c3 | 488b 8424 | 8000 0000 | e9e5 0300 

  0x000001f9a52ea90c: ;   {metadata({method} {0x000001f9c2afb890} 'renderThreadFunc' '()V' in 'net/neoforged/fml/earlydisplay/DisplayWindow')}
  0x000001f9a52ea90c: 0049 ba88 | b8af c2f9 | 0100 004c | 8954 2408 | 48c7 0424 | ffff ffff 

  0x000001f9a52ea924: ;   {runtime_call counter_overflow Runtime1 stub}
  0x000001f9a52ea924: e857 b3c7 

  0x000001f9a52ea928: ; ImmutableOopMap {rdx=Oop [96]=Oop }
                      ;*synchronization entry
                      ; - net.neoforged.fml.earlydisplay.DisplayWindow::renderThreadFunc@-1 (line 166)
  0x000001f9a52ea928: 06e9 7fec 

  0x000001f9a52ea92c: ;   {runtime_call throw_null_pointer_exception Runtime1 stub}
  0x000001f9a52ea92c: ffff e84d 

  0x000001f9a52ea930: ; ImmutableOopMap {rdx=Oop r8=Oop [96]=Oop }
                      ;*invokevirtual tryAcquire {reexecute=0 rethrow=0 return_oop=0}
                      ; - net.neoforged.fml.earlydisplay.DisplayWindow::renderThreadFunc@4 (line 166)
                      ;   {metadata({method} {0x000001f9c2291818} 'tryAcquire' '()Z' in 'java/util/concurrent/Semaphore')}
  0x000001f9a52ea930: 62c7 0649 | ba10 1829 | c2f9 0100 | 004c 8954 | 2408 48c7 | 0424 ffff 

  0x000001f9a52ea948: ;   {runtime_call counter_overflow Runtime1 stub}
  0x000001f9a52ea948: ffff e831 

  0x000001f9a52ea94c: ; ImmutableOopMap {rdx=Oop r8=Oop [96]=Oop }
                      ;*synchronization entry
                      ; - java.util.concurrent.Semaphore::tryAcquire@-1 (line 369)
                      ; - net.neoforged.fml.earlydisplay.DisplayWindow::renderThreadFunc@4 (line 166)
  0x000001f9a52ea94c: b3c7 06e9 | b1ec ffff 

  0x000001f9a52ea954: ;   {runtime_call throw_null_pointer_exception Runtime1 stub}
  0x000001f9a52ea954: e827 62c7 

  0x000001f9a52ea958: ; ImmutableOopMap {rdx=Oop rsi=Oop [96]=Oop }
                      ;*invokevirtual nonfairTryAcquireShared {reexecute=0 rethrow=0 return_oop=0}
                      ; - java.util.concurrent.Semaphore::tryAcquire@5 (line 369)
                      ; - net.neoforged.fml.earlydisplay.DisplayWindow::renderThreadFunc@4 (line 166)
                      ;   {runtime_call throw_null_pointer_exception Runtime1 stub}
  0x000001f9a52ea958: 06e8 2262 

  0x000001f9a52ea95c: ; ImmutableOopMap {r8=Oop }
                      ;*invokevirtual release {reexecute=0 rethrow=0 return_oop=0}
                      ; - net.neoforged.fml.earlydisplay.DisplayWindow::renderThreadFunc@39 (line 192)
                      ;   {metadata({method} {0x000001f9c22919a8} 'release' '()V' in 'java/util/concurrent/Semaphore')}
  0x000001f9a52ea95c: c706 49ba | a019 29c2 | f901 0000 | 4c89 5424 | 0848 c704 | 24ff ffff 

  0x000001f9a52ea974: ;   {runtime_call counter_overflow Runtime1 stub}
  0x000001f9a52ea974: ffe8 06b3 

  0x000001f9a52ea978: ; ImmutableOopMap {r8=Oop }
                      ;*synchronization entry
                      ; - java.util.concurrent.Semaphore::release@-1 (line 432)
                      ; - net.neoforged.fml.earlydisplay.DisplayWindow::renderThreadFunc@39 (line 192)
  0x000001f9a52ea978: c706 e95a 

  0x000001f9a52ea97c: ;   {runtime_call throw_null_pointer_exception Runtime1 stub}
  0x000001f9a52ea97c: eeff ffe8 

  0x000001f9a52ea980: ; ImmutableOopMap {rsi=Oop }
                      ;*invokevirtual releaseShared {reexecute=0 rethrow=0 return_oop=0}
                      ; - java.util.concurrent.Semaphore::release@5 (line 432)
                      ; - net.neoforged.fml.earlydisplay.DisplayWindow::renderThreadFunc@39 (line 192)
  0x000001f9a52ea980: fc61 c706 

  0x000001f9a52ea984: ;   {metadata({method} {0x000001f9c123c0e0} 'releaseShared' '(I)Z' in 'java/util/concurrent/locks/AbstractQueuedSynchronizer')}
  0x000001f9a52ea984: 49ba d8c0 | 23c1 f901 | 0000 4c89 | 5424 0848 | c704 24ff 

  0x000001f9a52ea998: ;   {runtime_call counter_overflow Runtime1 stub}
  0x000001f9a52ea998: ffff ffe8 

  0x000001f9a52ea99c: ; ImmutableOopMap {rsi=Oop }
                      ;*synchronization entry
                      ; - java.util.concurrent.locks.AbstractQueuedSynchronizer::releaseShared@-1 (line 1146)
                      ; - java.util.concurrent.Semaphore::release@5 (line 432)
                      ; - net.neoforged.fml.earlydisplay.DisplayWindow::renderThreadFunc@39 (line 192)
  0x000001f9a52ea99c: e0b2 c706 | e97d eeff 

  0x000001f9a52ea9a4: ;   {internal_word}
  0x000001f9a52ea9a4: ff49 ba41 | 992e a5f9 | 0100 004d | 8997 6004 

  0x000001f9a52ea9b4: ;   {runtime_call SafepointBlob}
  0x000001f9a52ea9b4: 0000 e945 

  0x000001f9a52ea9b8: ;   {internal_word}
  0x000001f9a52ea9b8: adbb 0649 | ba5c 992e | a5f9 0100 | 004d 8997 | 6004 0000 

  0x000001f9a52ea9cc: ;   {runtime_call SafepointBlob}
  0x000001f9a52ea9cc: e92f adbb 

  0x000001f9a52ea9d0: ;   {runtime_call throw_null_pointer_exception Runtime1 stub}
  0x000001f9a52ea9d0: 06e8 aa61 

  0x000001f9a52ea9d4: ; ImmutableOopMap {rdx=Oop r8=Oop [96]=Oop }
                      ;*invokevirtual activate {reexecute=0 rethrow=0 return_oop=0}
                      ; - net.neoforged.fml.earlydisplay.DisplayWindow::renderThreadFunc@63 (line 176)
                      ;   {metadata({method} {0x000001f9c2b063f8} 'activate' '()V' in 'net/neoforged/fml/earlydisplay/EarlyFramebuffer')}
  0x000001f9a52ea9d4: c706 49ba | f063 b0c2 | f901 0000 | 4c89 5424 | 0848 c704 | 24ff ffff 

  0x000001f9a52ea9ec: ;   {runtime_call counter_overflow Runtime1 stub}
  0x000001f9a52ea9ec: ffe8 8eb2 

  0x000001f9a52ea9f0: ; ImmutableOopMap {rdx=Oop r8=Oop [96]=Oop }
                      ;*synchronization entry
                      ; - net.neoforged.fml.earlydisplay.EarlyFramebuffer::activate@-1 (line 33)
                      ; - net.neoforged.fml.earlydisplay.DisplayWindow::renderThreadFunc@63 (line 176)
  0x000001f9a52ea9f0: c706 e90a 

  0x000001f9a52ea9f4: ;   {runtime_call throw_null_pointer_exception Runtime1 stub}
  0x000001f9a52ea9f4: f0ff ffe8 

  0x000001f9a52ea9f8: ; ImmutableOopMap {rdx=Oop r8=Oop [96]=Oop }
                      ;*invokevirtual scaledWidth {reexecute=0 rethrow=0 return_oop=0}
                      ; - net.neoforged.fml.earlydisplay.DisplayWindow::renderThreadFunc@72 (line 177)
  0x000001f9a52ea9f8: 8461 c706 

  0x000001f9a52ea9fc: ;   {metadata({method} {0x000001f9c2b053f8} 'scaledWidth' '()I' in 'net/neoforged/fml/earlydisplay/RenderElement$DisplayContext')}
  0x000001f9a52ea9fc: 49ba f053 | b0c2 f901 | 0000 4c89 | 5424 0848 | c704 24ff 

  0x000001f9a52eaa10: ;   {runtime_call counter_overflow Runtime1 stub}
  0x000001f9a52eaa10: ffff ffe8 

  0x000001f9a52eaa14: ; ImmutableOopMap {rdx=Oop r8=Oop [96]=Oop }
                      ;*synchronization entry
                      ; - net.neoforged.fml.earlydisplay.RenderElement$DisplayContext::scaledWidth@-1 (line 48)
                      ; - net.neoforged.fml.earlydisplay.DisplayWindow::renderThreadFunc@72 (line 177)
  0x000001f9a52eaa14: 68b2 c706 | e95d f0ff 

  0x000001f9a52eaa1c: ;   {metadata({method} {0x000001f9c2b054a8} 'scaledHeight' '()I' in 'net/neoforged/fml/earlydisplay/RenderElement$DisplayContext')}
  0x000001f9a52eaa1c: ff49 baa0 | 54b0 c2f9 | 0100 004c | 8954 2408 | 48c7 0424 | ffff ffff 

  0x000001f9a52eaa34: ;   {runtime_call counter_overflow Runtime1 stub}
  0x000001f9a52eaa34: e847 b2c7 

  0x000001f9a52eaa38: ; ImmutableOopMap {rdx=Oop r8=Oop [96]=Oop }
                      ;*synchronization entry
                      ; - net.neoforged.fml.earlydisplay.RenderElement$DisplayContext::scaledHeight@-1 (line 52)
                      ; - net.neoforged.fml.earlydisplay.DisplayWindow::renderThreadFunc@79 (line 177)
  0x000001f9a52eaa38: 06e9 aef0 

  0x000001f9a52eaa3c: ;   {runtime_call throw_null_pointer_exception Runtime1 stub}
  0x000001f9a52eaa3c: ffff e83d 

  0x000001f9a52eaa40: ; ImmutableOopMap {rdx=Oop rsi=Oop [96]=Oop }
                      ;*invokevirtual elementShader {reexecute=0 rethrow=0 return_oop=0}
                      ; - net.neoforged.fml.earlydisplay.DisplayWindow::renderThreadFunc@89 (line 178)
                      ;   {runtime_call throw_null_pointer_exception Runtime1 stub}
  0x000001f9a52eaa40: 61c7 06e8 

  0x000001f9a52eaa44: ; ImmutableOopMap {rdx=Oop rsi=Oop [96]=Oop }
                      ;*invokevirtual activate {reexecute=0 rethrow=0 return_oop=0}
                      ; - net.neoforged.fml.earlydisplay.DisplayWindow::renderThreadFunc@92 (line 178)
  0x000001f9a52eaa44: 3861 c706 

  0x000001f9a52eaa48: ;   {metadata({method} {0x000001f9c2efe378} 'activate' '()V' in 'net/neoforged/fml/earlydisplay/ElementShader')}
  0x000001f9a52eaa48: 49ba 70e3 | efc2 f901 | 0000 4c89 | 5424 0848 | c704 24ff 

  0x000001f9a52eaa5c: ;   {runtime_call counter_overflow Runtime1 stub}
  0x000001f9a52eaa5c: ffff ffe8 

  0x000001f9a52eaa60: ; ImmutableOopMap {rdx=Oop rsi=Oop [96]=Oop }
                      ;*synchronization entry
                      ; - net.neoforged.fml.earlydisplay.ElementShader::activate@-1 (line 87)
                      ; - net.neoforged.fml.earlydisplay.DisplayWindow::renderThreadFunc@92 (line 178)
  0x000001f9a52eaa60: 1cb2 c706 | e966 f1ff 

  0x000001f9a52eaa68: ;   {runtime_call throw_null_pointer_exception Runtime1 stub}
  0x000001f9a52eaa68: ffe8 1261 

  0x000001f9a52eaa6c: ; ImmutableOopMap {rdx=Oop rsi=Oop [96]=Oop }
                      ;*invokevirtual elementShader {reexecute=0 rethrow=0 return_oop=0}
                      ; - net.neoforged.fml.earlydisplay.DisplayWindow::renderThreadFunc@99 (line 179)
                      ;   {metadata({method} {0x000001f9c2b053f8} 'scaledWidth' '()I' in 'net/neoforged/fml/earlydisplay/RenderElement$DisplayContext')}
  0x000001f9a52eaa6c: c706 49ba | f053 b0c2 | f901 0000 | 4c89 5424 | 0848 c704 | 24ff ffff 

  0x000001f9a52eaa84: ;   {runtime_call counter_overflow Runtime1 stub}
  0x000001f9a52eaa84: ffe8 f6b1 

  0x000001f9a52eaa88: ; ImmutableOopMap {rdx=Oop rsi=Oop rdi=Oop [96]=Oop }
                      ;*synchronization entry
                      ; - net.neoforged.fml.earlydisplay.RenderElement$DisplayContext::scaledWidth@-1 (line 48)
                      ; - net.neoforged.fml.earlydisplay.DisplayWindow::renderThreadFunc@106 (line 179)
  0x000001f9a52eaa88: c706 e9cb 

  0x000001f9a52eaa8c: ;   {metadata({method} {0x000001f9c2b054a8} 'scaledHeight' '()I' in 'net/neoforged/fml/earlydisplay/RenderElement$DisplayContext')}
  0x000001f9a52eaa8c: f1ff ff49 | baa0 54b0 | c2f9 0100 | 004c 8954 | 2408 48c7 | 0424 ffff 

  0x000001f9a52eaaa4: ;   {runtime_call counter_overflow Runtime1 stub}
  0x000001f9a52eaaa4: ffff e8d5 

  0x000001f9a52eaaa8: ; ImmutableOopMap {rdx=Oop rsi=Oop rdi=Oop [96]=Oop }
                      ;*synchronization entry
                      ; - net.neoforged.fml.earlydisplay.RenderElement$DisplayContext::scaledHeight@-1 (line 52)
                      ; - net.neoforged.fml.earlydisplay.DisplayWindow::renderThreadFunc@113 (line 179)
  0x000001f9a52eaaa8: b1c7 06e9 | 1ef2 ffff 

  0x000001f9a52eaab0: ;   {runtime_call throw_null_pointer_exception Runtime1 stub}
  0x000001f9a52eaab0: e8cb 60c7 

  0x000001f9a52eaab4: ; ImmutableOopMap {rdx=Oop rdi=Oop [96]=Oop }
                      ;*invokevirtual updateScreenSizeUniform {reexecute=0 rethrow=0 return_oop=0}
                      ; - net.neoforged.fml.earlydisplay.DisplayWindow::renderThreadFunc@116 (line 179)
                      ;   {metadata({method} {0x000001f9c2efe4f8} 'updateScreenSizeUniform' '(II)V' in 'net/neoforged/fml/earlydisplay/ElementShader')}
  0x000001f9a52eaab4: 0649 baf0 | e4ef c2f9 | 0100 004c | 8954 2408 | 48c7 0424 | ffff ffff 

  0x000001f9a52eaacc: ;   {runtime_call counter_overflow Runtime1 stub}
  0x000001f9a52eaacc: e8af b1c7 

  0x000001f9a52eaad0: ; ImmutableOopMap {rdx=Oop rdi=Oop [96]=Oop }
                      ;*synchronization entry
                      ; - net.neoforged.fml.earlydisplay.ElementShader::updateScreenSizeUniform@-1 (line 95)
                      ; - net.neoforged.fml.earlydisplay.DisplayWindow::renderThreadFunc@116 (line 179)
  0x000001f9a52eaad0: 06e9 78f2 

  0x000001f9a52eaad4: ;   {runtime_call throw_null_pointer_exception Runtime1 stub}
  0x000001f9a52eaad4: ffff e8a5 

  0x000001f9a52eaad8: ; ImmutableOopMap {rdx=Oop rsi=Oop [96]=Oop }
                      ;*invokevirtual background {reexecute=0 rethrow=0 return_oop=0}
                      ; - net.neoforged.fml.earlydisplay.DisplayWindow::renderThreadFunc@123 (line 180)
                      ;   {runtime_call throw_null_pointer_exception Runtime1 stub}
  0x000001f9a52eaad8: 60c7 06e8 

  0x000001f9a52eaadc: ; ImmutableOopMap {rdx=Oop rsi=Oop rdi=Oop [96]=Oop }
                      ;*invokevirtual redf {reexecute=0 rethrow=0 return_oop=0}
                      ; - net.neoforged.fml.earlydisplay.DisplayWindow::renderThreadFunc@126 (line 180)
  0x000001f9a52eaadc: a060 c706 

  0x000001f9a52eaae0: ;   {metadata({method} {0x000001f9c2bb1000} 'redf' '()F' in 'net/neoforged/fml/earlydisplay/ColourScheme$Colour')}
  0x000001f9a52eaae0: 49ba f80f | bbc2 f901 | 0000 4c89 | 5424 0848 | c704 24ff 

  0x000001f9a52eaaf4: ;   {runtime_call counter_overflow Runtime1 stub}
  0x000001f9a52eaaf4: ffff ffe8 

  0x000001f9a52eaaf8: ; ImmutableOopMap {rdx=Oop rsi=Oop rdi=Oop [96]=Oop }
                      ;*synchronization entry
                      ; - net.neoforged.fml.earlydisplay.ColourScheme$Colour::redf@-1 (line 30)
                      ; - net.neoforged.fml.earlydisplay.DisplayWindow::renderThreadFunc@126 (line 180)
  0x000001f9a52eaaf8: 84b1 c706 | e9e4 f2ff 

  0x000001f9a52eab00: ;   {metadata({method} {0x000001f9c2bb10b0} 'greenf' '()F' in 'net/neoforged/fml/earlydisplay/ColourScheme$Colour')}
  0x000001f9a52eab00: ff49 baa8 | 10bb c2f9 | 0100 004c | 8954 2408 | 48c7 0424 | ffff ffff 

  0x000001f9a52eab18: ;   {runtime_call counter_overflow Runtime1 stub}
  0x000001f9a52eab18: e863 b1c7 

  0x000001f9a52eab1c: ; ImmutableOopMap {rdx=Oop rsi=Oop rdi=Oop [96]=Oop }
                      ;*synchronization entry
                      ; - net.neoforged.fml.earlydisplay.ColourScheme$Colour::greenf@-1 (line 34)
                      ; - net.neoforged.fml.earlydisplay.DisplayWindow::renderThreadFunc@136 (line 180)
  0x000001f9a52eab1c: 06e9 22f3 

  0x000001f9a52eab20: ;   {metadata({method} {0x000001f9c2bb1160} 'bluef' '()F' in 'net/neoforged/fml/earlydisplay/ColourScheme$Colour')}
  0x000001f9a52eab20: ffff 49ba | 5811 bbc2 | f901 0000 | 4c89 5424 | 0848 c704 | 24ff ffff 

  0x000001f9a52eab38: ;   {runtime_call counter_overflow Runtime1 stub}
  0x000001f9a52eab38: ffe8 42b1 

  0x000001f9a52eab3c: ; ImmutableOopMap {rdx=Oop rdi=Oop [96]=Oop }
                      ;*synchronization entry
                      ; - net.neoforged.fml.earlydisplay.ColourScheme$Colour::bluef@-1 (line 38)
                      ; - net.neoforged.fml.earlydisplay.DisplayWindow::renderThreadFunc@146 (line 180)
  0x000001f9a52eab3c: c706 e95e 

  0x000001f9a52eab40: ;   {runtime_call throw_null_pointer_exception Runtime1 stub}
  0x000001f9a52eab40: f3ff ffe8 

  0x000001f9a52eab44: ; ImmutableOopMap {rdx=Oop rsi=Oop [96]=Oop }
                      ;*invokevirtual elementShader {reexecute=0 rethrow=0 return_oop=0}
                      ; - net.neoforged.fml.earlydisplay.DisplayWindow::renderThreadFunc@161 (line 182)
  0x000001f9a52eab44: 3860 c706 

  0x000001f9a52eab48: ;   {runtime_call throw_null_pointer_exception Runtime1 stub}
  0x000001f9a52eab48: e833 60c7 

  0x000001f9a52eab4c: ; ImmutableOopMap {rdx=Oop rsi=Oop [96]=Oop }
                      ;*invokevirtual clear {reexecute=0 rethrow=0 return_oop=0}
                      ; - net.neoforged.fml.earlydisplay.DisplayWindow::renderThreadFunc@164 (line 182)
                      ;   {metadata({method} {0x000001f9c2efe668} 'clear' '()V' in 'net/neoforged/fml/earlydisplay/ElementShader')}
  0x000001f9a52eab4c: 0649 ba60 | e6ef c2f9 | 0100 004c | 8954 2408 | 48c7 0424 | ffff ffff 

  0x000001f9a52eab64: ;   {runtime_call counter_overflow Runtime1 stub}
  0x000001f9a52eab64: e817 b1c7 

  0x000001f9a52eab68: ; ImmutableOopMap {rdx=Oop [96]=Oop }
                      ;*synchronization entry
                      ; - net.neoforged.fml.earlydisplay.ElementShader::clear@-1 (line 103)
                      ; - net.neoforged.fml.earlydisplay.DisplayWindow::renderThreadFunc@164 (line 182)
  0x000001f9a52eab68: 06e9 8ef4 

  0x000001f9a52eab6c: ;   {runtime_call throw_null_pointer_exception Runtime1 stub}
  0x000001f9a52eab6c: ffff e80d 

  0x000001f9a52eab70: ; ImmutableOopMap {rdx=Oop r8=Oop [96]=Oop }
                      ;*invokevirtual deactivate {reexecute=0 rethrow=0 return_oop=0}
                      ; - net.neoforged.fml.earlydisplay.DisplayWindow::renderThreadFunc@171 (line 183)
                      ;   {metadata({method} {0x000001f9c2b064a8} 'deactivate' '()V' in 'net/neoforged/fml/earlydisplay/EarlyFramebuffer')}
  0x000001f9a52eab70: 60c7 0649 | baa0 64b0 | c2f9 0100 | 004c 8954 | 2408 48c7 | 0424 ffff 

  0x000001f9a52eab88: ;   {runtime_call counter_overflow Runtime1 stub}
  0x000001f9a52eab88: ffff e8f1 

  0x000001f9a52eab8c: ; ImmutableOopMap {rdx=Oop [96]=Oop }
                      ;*synchronization entry
                      ; - net.neoforged.fml.earlydisplay.EarlyFramebuffer::deactivate@-1 (line 37)
                      ; - net.neoforged.fml.earlydisplay.DisplayWindow::renderThreadFunc@171 (line 183)
  0x000001f9a52eab8c: b0c7 06e9 | ecf4 ffff 

  0x000001f9a52eab94: ;   {runtime_call throw_null_pointer_exception Runtime1 stub}
  0x000001f9a52eab94: e8e7 5fc7 

  0x000001f9a52eab98: ; ImmutableOopMap {rdx=Oop rsi=Oop [96]=Oop }
                      ;*invokevirtual draw {reexecute=0 rethrow=0 return_oop=0}
                      ; - net.neoforged.fml.earlydisplay.DisplayWindow::renderThreadFunc@199 (line 185)
                      ;   {runtime_call throw_null_pointer_exception Runtime1 stub}
  0x000001f9a52eab98: 06e8 e25f 

  0x000001f9a52eab9c: ; ImmutableOopMap {r8=Oop }
                      ;*invokevirtual release {reexecute=0 rethrow=0 return_oop=0}
                      ; - net.neoforged.fml.earlydisplay.DisplayWindow::renderThreadFunc@224 (line 192)
                      ;   {metadata({method} {0x000001f9c22919a8} 'release' '()V' in 'java/util/concurrent/Semaphore')}
  0x000001f9a52eab9c: c706 49ba | a019 29c2 | f901 0000 | 4c89 5424 | 0848 c704 | 24ff ffff 

  0x000001f9a52eabb4: ;   {runtime_call counter_overflow Runtime1 stub}
  0x000001f9a52eabb4: ffe8 c6b0 

  0x000001f9a52eabb8: ; ImmutableOopMap {r8=Oop }
                      ;*synchronization entry
                      ; - java.util.concurrent.Semaphore::release@-1 (line 432)
                      ; - net.neoforged.fml.earlydisplay.DisplayWindow::renderThreadFunc@224 (line 192)
  0x000001f9a52eabb8: c706 e96a 

  0x000001f9a52eabbc: ;   {runtime_call throw_null_pointer_exception Runtime1 stub}
  0x000001f9a52eabbc: f6ff ffe8 

  0x000001f9a52eabc0: ; ImmutableOopMap {rsi=Oop }
                      ;*invokevirtual releaseShared {reexecute=0 rethrow=0 return_oop=0}
                      ; - java.util.concurrent.Semaphore::release@5 (line 432)
                      ; - net.neoforged.fml.earlydisplay.DisplayWindow::renderThreadFunc@224 (line 192)
  0x000001f9a52eabc0: bc5f c706 

  0x000001f9a52eabc4: ;   {metadata({method} {0x000001f9c123c0e0} 'releaseShared' '(I)Z' in 'java/util/concurrent/locks/AbstractQueuedSynchronizer')}
  0x000001f9a52eabc4: 49ba d8c0 | 23c1 f901 | 0000 4c89 | 5424 0848 | c704 24ff 

  0x000001f9a52eabd8: ;   {runtime_call counter_overflow Runtime1 stub}
  0x000001f9a52eabd8: ffff ffe8 

  0x000001f9a52eabdc: ; ImmutableOopMap {rsi=Oop }
                      ;*synchronization entry
                      ; - java.util.concurrent.locks.AbstractQueuedSynchronizer::releaseShared@-1 (line 1146)
                      ; - java.util.concurrent.Semaphore::release@5 (line 432)
                      ; - net.neoforged.fml.earlydisplay.DisplayWindow::renderThreadFunc@224 (line 192)
  0x000001f9a52eabdc: a0b0 c706 | e98d f6ff 

  0x000001f9a52eabe4: ;   {runtime_call throw_null_pointer_exception Runtime1 stub}
  0x000001f9a52eabe4: ffe8 965f 

  0x000001f9a52eabe8: ; ImmutableOopMap {r8=Oop }
                      ;*invokevirtual release {reexecute=0 rethrow=0 return_oop=0}
                      ; - net.neoforged.fml.earlydisplay.DisplayWindow::renderThreadFunc@258 (line 192)
                      ;   {metadata({method} {0x000001f9c22919a8} 'release' '()V' in 'java/util/concurrent/Semaphore')}
  0x000001f9a52eabe8: c706 49ba | a019 29c2 | f901 0000 | 4c89 5424 | 0848 c704 | 24ff ffff 

  0x000001f9a52eac00: ;   {runtime_call counter_overflow Runtime1 stub}
  0x000001f9a52eac00: ffe8 7ab0 

  0x000001f9a52eac04: ; ImmutableOopMap {r8=Oop }
                      ;*synchronization entry
                      ; - java.util.concurrent.Semaphore::release@-1 (line 432)
                      ; - net.neoforged.fml.earlydisplay.DisplayWindow::renderThreadFunc@258 (line 192)
  0x000001f9a52eac04: c706 e9be 

  0x000001f9a52eac08: ;   {runtime_call throw_null_pointer_exception Runtime1 stub}
  0x000001f9a52eac08: f8ff ffe8 

  0x000001f9a52eac0c: ; ImmutableOopMap {rsi=Oop }
                      ;*invokevirtual releaseShared {reexecute=0 rethrow=0 return_oop=0}
                      ; - java.util.concurrent.Semaphore::release@5 (line 432)
                      ; - net.neoforged.fml.earlydisplay.DisplayWindow::renderThreadFunc@258 (line 192)
  0x000001f9a52eac0c: 705f c706 

  0x000001f9a52eac10: ;   {metadata({method} {0x000001f9c123c0e0} 'releaseShared' '(I)Z' in 'java/util/concurrent/locks/AbstractQueuedSynchronizer')}
  0x000001f9a52eac10: 49ba d8c0 | 23c1 f901 | 0000 4c89 | 5424 0848 | c704 24ff 

  0x000001f9a52eac24: ;   {runtime_call counter_overflow Runtime1 stub}
  0x000001f9a52eac24: ffff ffe8 

  0x000001f9a52eac28: ; ImmutableOopMap {rsi=Oop }
                      ;*synchronization entry
                      ; - java.util.concurrent.locks.AbstractQueuedSynchronizer::releaseShared@-1 (line 1146)
                      ; - java.util.concurrent.Semaphore::release@5 (line 432)
                      ; - net.neoforged.fml.earlydisplay.DisplayWindow::renderThreadFunc@258 (line 192)
  0x000001f9a52eac28: 54b0 c706 | e9e1 f8ff 

  0x000001f9a52eac30: ;   {runtime_call throw_null_pointer_exception Runtime1 stub}
  0x000001f9a52eac30: ffe8 4a5f 

  0x000001f9a52eac34: ; ImmutableOopMap {r8=Oop [128]=Oop }
                      ;*invokevirtual release {reexecute=0 rethrow=0 return_oop=0}
                      ; - net.neoforged.fml.earlydisplay.DisplayWindow::renderThreadFunc@280 (line 192)
                      ;   {metadata({method} {0x000001f9c22919a8} 'release' '()V' in 'java/util/concurrent/Semaphore')}
  0x000001f9a52eac34: c706 49ba | a019 29c2 | f901 0000 | 4c89 5424 | 0848 c704 | 24ff ffff 

  0x000001f9a52eac4c: ;   {runtime_call counter_overflow Runtime1 stub}
  0x000001f9a52eac4c: ffe8 2eb0 

  0x000001f9a52eac50: ; ImmutableOopMap {r8=Oop [128]=Oop }
                      ;*synchronization entry
                      ; - java.util.concurrent.Semaphore::release@-1 (line 432)
                      ; - net.neoforged.fml.earlydisplay.DisplayWindow::renderThreadFunc@280 (line 192)
  0x000001f9a52eac50: c706 e9c2 

  0x000001f9a52eac54: ;   {runtime_call throw_null_pointer_exception Runtime1 stub}
  0x000001f9a52eac54: faff ffe8 

  0x000001f9a52eac58: ; ImmutableOopMap {rsi=Oop [128]=Oop }
                      ;*invokevirtual releaseShared {reexecute=0 rethrow=0 return_oop=0}
                      ; - java.util.concurrent.Semaphore::release@5 (line 432)
                      ; - net.neoforged.fml.earlydisplay.DisplayWindow::renderThreadFunc@280 (line 192)
  0x000001f9a52eac58: 245f c706 

  0x000001f9a52eac5c: ;   {metadata({method} {0x000001f9c123c0e0} 'releaseShared' '(I)Z' in 'java/util/concurrent/locks/AbstractQueuedSynchronizer')}
  0x000001f9a52eac5c: 49ba d8c0 | 23c1 f901 | 0000 4c89 | 5424 0848 | c704 24ff 

  0x000001f9a52eac70: ;   {runtime_call counter_overflow Runtime1 stub}
  0x000001f9a52eac70: ffff ffe8 

  0x000001f9a52eac74: ; ImmutableOopMap {rsi=Oop [128]=Oop }
                      ;*synchronization entry
                      ; - java.util.concurrent.locks.AbstractQueuedSynchronizer::releaseShared@-1 (line 1146)
                      ; - java.util.concurrent.Semaphore::release@5 (line 432)
                      ; - net.neoforged.fml.earlydisplay.DisplayWindow::renderThreadFunc@280 (line 192)
  0x000001f9a52eac74: 08b0 c706 | e9e5 faff 

  0x000001f9a52eac7c: ;   {internal_word}
  0x000001f9a52eac7c: ff49 baa0 | a82e a5f9 | 0100 004d | 8997 6004 

  0x000001f9a52eac8c: ;   {runtime_call SafepointBlob}
  0x000001f9a52eac8c: 0000 e96d 

  0x000001f9a52eac90: ;   {internal_word}
  0x000001f9a52eac90: aabb 0649 | bac6 a82e | a5f9 0100 | 004d 8997 | 6004 0000 

  0x000001f9a52eaca4: ;   {runtime_call SafepointBlob}
  0x000001f9a52eaca4: e957 aabb 

  0x000001f9a52eaca8: ;   {internal_word}
  0x000001f9a52eaca8: 0649 badc | a82e a5f9 | 0100 004d | 8997 6004 

  0x000001f9a52eacb8: ;   {runtime_call SafepointBlob}
  0x000001f9a52eacb8: 0000 e941 

  0x000001f9a52eacbc: ;   {internal_word}
  0x000001f9a52eacbc: aabb 0649 | baf2 a82e | a5f9 0100 | 004d 8997 | 6004 0000 

  0x000001f9a52eacd0: ;   {runtime_call SafepointBlob}
  0x000001f9a52eacd0: e92b aabb | 0649 8b87 | f804 0000 | 49c7 87f8 | 0400 0000 | 0000 0049 | c787 0005 | 0000 0000 
  0x000001f9a52eacf0: 0000 4881 | c4a0 0000 

  0x000001f9a52eacf8: ;   {runtime_call unwind_exception Runtime1 stub}
  0x000001f9a52eacf8: 005d e981 | 4fc7 06f4 
[Stub Code]
  0x000001f9a52ead00: ;   {no_reloc}
  0x000001f9a52ead00: 0f1f 4400 

  0x000001f9a52ead04: ;   {static_stub}
  0x000001f9a52ead04: 0048 bb00 | 0000 0000 

  0x000001f9a52ead0c: ;   {runtime_call nmethod}
  0x000001f9a52ead0c: 0000 00e9 | fbff ffff 

  0x000001f9a52ead14: ;   {static_stub}
  0x000001f9a52ead14: 9048 bba0 | bcaf c2f9 

  0x000001f9a52ead1c: ;   {runtime_call I2C/C2I adapters}
  0x000001f9a52ead1c: 0100 00e9 | 3f87 bb06 

  0x000001f9a52ead24: ;   {static_stub}
  0x000001f9a52ead24: 9048 bbc8 | 66b0 c2f9 

  0x000001f9a52ead2c: ;   {runtime_call I2C/C2I adapters}
  0x000001f9a52ead2c: 0100 00e9 | 3759 b906 

  0x000001f9a52ead34: ;   {static_stub}
  0x000001f9a52ead34: 9048 bb00 | 0000 0000 

  0x000001f9a52ead3c: ;   {runtime_call nmethod}
  0x000001f9a52ead3c: 0000 00e9 | fbff ffff 

  0x000001f9a52ead44: ;   {static_stub}
  0x000001f9a52ead44: 9048 bb00 | 0000 0000 

  0x000001f9a52ead4c: ;   {runtime_call nmethod}
  0x000001f9a52ead4c: 0000 00e9 | fbff ffff 

  0x000001f9a52ead54: ;   {static_stub}
  0x000001f9a52ead54: 9048 bb00 | 0000 0000 

  0x000001f9a52ead5c: ;   {runtime_call nmethod}
  0x000001f9a52ead5c: 0000 00e9 | fbff ffff 

  0x000001f9a52ead64: ;   {static_stub}
  0x000001f9a52ead64: 9048 bb00 | 0000 0000 

  0x000001f9a52ead6c: ;   {runtime_call nmethod}
  0x000001f9a52ead6c: 0000 00e9 | fbff ffff 

  0x000001f9a52ead74: ;   {static_stub}
  0x000001f9a52ead74: 48bb 0000 | 0000 0000 

  0x000001f9a52ead7c: ;   {runtime_call nmethod}
  0x000001f9a52ead7c: 0000 e9fb 

  0x000001f9a52ead80: ;   {static_stub}
  0x000001f9a52ead80: ffff ff48 | bb00 0000 | 0000 0000 

  0x000001f9a52ead8c: ;   {runtime_call nmethod}
  0x000001f9a52ead8c: 00e9 fbff 

  0x000001f9a52ead90: ;   {static_stub}
  0x000001f9a52ead90: ffff 48bb | 987f bcc2 | f901 0000 

  0x000001f9a52ead9c: ;   {runtime_call I2C/C2I adapters}
  0x000001f9a52ead9c: e9c2 19b9 

  0x000001f9a52eada0: ;   {static_stub}
  0x000001f9a52eada0: 0648 bb00 | 0000 0000 

  0x000001f9a52eada8: ;   {runtime_call nmethod}
  0x000001f9a52eada8: 0000 00e9 | fbff ffff 

  0x000001f9a52eadb0: ;   {static_stub}
  0x000001f9a52eadb0: 48bb 0000 | 0000 0000 

  0x000001f9a52eadb8: ;   {runtime_call nmethod}
  0x000001f9a52eadb8: 0000 e9fb 

  0x000001f9a52eadbc: ;   {static_stub}
  0x000001f9a52eadbc: ffff ff48 | bb00 0000 | 0000 0000 

  0x000001f9a52eadc8: ;   {runtime_call nmethod}
  0x000001f9a52eadc8: 00e9 fbff 

  0x000001f9a52eadcc: ;   {static_stub}
  0x000001f9a52eadcc: ffff 48bb | 0000 0000 | 0000 0000 

  0x000001f9a52eadd8: ;   {runtime_call nmethod}
  0x000001f9a52eadd8: e9fb ffff 

  0x000001f9a52eaddc: ;   {static_stub}
  0x000001f9a52eaddc: ff48 bb00 | 0000 0000 

  0x000001f9a52eade4: ;   {runtime_call nmethod}
  0x000001f9a52eade4: 0000 00e9 | fbff ffff 

  0x000001f9a52eadec: ;   {static_stub}
  0x000001f9a52eadec: 48bb 0000 | 0000 0000 

  0x000001f9a52eadf4: ;   {runtime_call nmethod}
  0x000001f9a52eadf4: 0000 e9fb 

  0x000001f9a52eadf8: ;   {runtime_call handle_exception_from_callee Runtime1 stub}
  0x000001f9a52eadf8: ffff ffe8 | 807b c706 

  0x000001f9a52eae00: ;   {external_word}
  0x000001f9a52eae00: 48b9 d0ef | 5320 f87f | 0000 4883 

  0x000001f9a52eae0c: ;   {runtime_call}
  0x000001f9a52eae0c: e4f0 48b8 | 10ad 1620 | f87f 0000 

  0x000001f9a52eae18: ;   {section_word}
  0x000001f9a52eae18: ffd0 f449 | ba1b ae2e | a5f9 0100 

  0x000001f9a52eae24: ;   {runtime_call DeoptimizationBlob}
  0x000001f9a52eae24: 0041 52e9 | 749b bb06 | f4f4 f4f4 
[/MachCode]


---------------  P R O C E S S  ---------------

Threads class SMR info:
_java_thread_list=0x000001f9c675f9a0, length=36, elements={
0x000001f99e8a0dc0, 0x000001f9c07b2010, 0x000001f9c07b3110, 0x000001f9c0800b30,
0x000001f9c0801580, 0x000001f9c07d6200, 0x000001f9c07dfa60, 0x000001f9c0814f70,
0x000001f9c0818f50, 0x000001f9c09b0430, 0x000001f9c09b3070, 0x000001f9c618a5c0,
0x000001f9c8a24680, 0x000001f9c666c7e0, 0x000001f9c610b5c0, 0x000001f9c79d1070,
0x000001f9c821fb90, 0x000001f9c5a91f50, 0x000001f9c5a92c70, 0x000001f9c5a91230,
0x000001f9c8586480, 0x000001f9c8587830, 0x000001f9c85843b0, 0x000001f9c8584a40,
0x000001fa55530d90, 0x000001fa55530070, 0x000001fa5552f350, 0x000001fa5552e630,
0x000001fa5552ecc0, 0x000001fa55532140, 0x000001fa5552f9e0, 0x000001fa55533b80,
0x000001fa5367c440, 0x000001fa53679650, 0x000001fa5367d160, 0x000001fa5367cad0
}

Java Threads: ( => current thread )
  0x000001f99e8a0dc0 JavaThread "main"                              [_thread_blocked, id=7728, stack(0x0000001b02800000,0x0000001b02900000) (1024K)]
  0x000001f9c07b2010 JavaThread "Reference Handler"          daemon [_thread_blocked, id=5572, stack(0x0000001b03000000,0x0000001b03100000) (1024K)]
  0x000001f9c07b3110 JavaThread "Finalizer"                  daemon [_thread_blocked, id=12340, stack(0x0000001b03100000,0x0000001b03200000) (1024K)]
  0x000001f9c0800b30 JavaThread "Signal Dispatcher"          daemon [_thread_blocked, id=7696, stack(0x0000001b03200000,0x0000001b03300000) (1024K)]
  0x000001f9c0801580 JavaThread "Attach Listener"            daemon [_thread_blocked, id=10856, stack(0x0000001b03300000,0x0000001b03400000) (1024K)]
  0x000001f9c07d6200 JavaThread "Service Thread"             daemon [_thread_blocked, id=5804, stack(0x0000001b03400000,0x0000001b03500000) (1024K)]
  0x000001f9c07dfa60 JavaThread "Monitor Deflation Thread"   daemon [_thread_blocked, id=6252, stack(0x0000001b03500000,0x0000001b03600000) (1024K)]
  0x000001f9c0814f70 JavaThread "C2 CompilerThread0"         daemon [_thread_blocked, id=1960, stack(0x0000001b03600000,0x0000001b03700000) (1024K)]
  0x000001f9c0818f50 JavaThread "C1 CompilerThread0"         daemon [_thread_blocked, id=5268, stack(0x0000001b03700000,0x0000001b03800000) (1024K)]
  0x000001f9c09b0430 JavaThread "Notification Thread"        daemon [_thread_blocked, id=12592, stack(0x0000001b03800000,0x0000001b03900000) (1024K)]
  0x000001f9c09b3070 JavaThread "Common-Cleaner"             daemon [_thread_blocked, id=6348, stack(0x0000001b03900000,0x0000001b03a00000) (1024K)]
  0x000001f9c618a5c0 JavaThread "ForkJoinPool.commonPool-worker-1" daemon [_thread_blocked, id=8536, stack(0x0000001b04300000,0x0000001b04400000) (1024K)]
  0x000001f9c8a24680 JavaThread "ForkJoinPool.commonPool-worker-2" daemon [_thread_blocked, id=8920, stack(0x0000001b04400000,0x0000001b04500000) (1024K)]
  0x000001f9c666c7e0 JavaThread "ForkJoinPool.commonPool-worker-3" daemon [_thread_blocked, id=9148, stack(0x0000001b04500000,0x0000001b04600000) (1024K)]
  0x000001f9c610b5c0 JavaThread "ForkJoinPool.commonPool-worker-4" daemon [_thread_blocked, id=9248, stack(0x0000001b04600000,0x0000001b04700000) (1024K)]
  0x000001f9c79d1070 JavaThread "ForkJoinPool.commonPool-worker-5" daemon [_thread_blocked, id=16288, stack(0x0000001b04700000,0x0000001b04800000) (1024K)]
  0x000001f9c821fb90 JavaThread "ForkJoinPool.commonPool-worker-6" daemon [_thread_blocked, id=12792, stack(0x0000001b04800000,0x0000001b04900000) (1024K)]
  0x000001f9c5a91f50 JavaThread "ForkJoinPool.commonPool-worker-7" daemon [_thread_blocked, id=9668, stack(0x0000001b04900000,0x0000001b04a00000) (1024K)]
  0x000001f9c5a92c70 JavaThread "Log4j2-TF-4-AsyncLogger[AsyncDefault]-4" daemon [_thread_blocked, id=12036, stack(0x0000001b04100000,0x0000001b04200000) (1024K)]
=>0x000001f9c5a91230 JavaThread "pool-3-thread-1"            daemon [_thread_in_native, id=2224, stack(0x0000001b04e00000,0x0000001b04f00000) (1024K)]
  0x000001f9c8586480 JavaThread "background-scan-handler-0"  daemon [_thread_blocked, id=15964, stack(0x0000001b05500000,0x0000001b05600000) (1024K)]
  0x000001f9c8587830 JavaThread "background-scan-handler-1"  daemon [_thread_blocked, id=12616, stack(0x0000001b05600000,0x0000001b05700000) (1024K)]
  0x000001f9c85843b0 JavaThread "background-scan-handler-2"  daemon [_thread_blocked, id=15988, stack(0x0000001b05700000,0x0000001b05800000) (1024K)]
  0x000001f9c8584a40 JavaThread "background-scan-handler-3"  daemon [_thread_blocked, id=6668, stack(0x0000001b05800000,0x0000001b05900000) (1024K)]
  0x000001fa55530d90 JavaThread "background-scan-handler-4"  daemon [_thread_blocked, id=12348, stack(0x0000001b05900000,0x0000001b05a00000) (1024K)]
  0x000001fa55530070 JavaThread "background-scan-handler-5"  daemon [_thread_blocked, id=11196, stack(0x0000001b05a00000,0x0000001b05b00000) (1024K)]
  0x000001fa5552f350 JavaThread "background-scan-handler-6"  daemon [_thread_blocked, id=4540, stack(0x0000001b05b00000,0x0000001b05c00000) (1024K)]
  0x000001fa5552e630 JavaThread "c2me-worker-0"              daemon [_thread_blocked, id=16308, stack(0x0000001b05c00000,0x0000001b05d00000) (1024K)]
  0x000001fa5552ecc0 JavaThread "c2me-worker-1"              daemon [_thread_blocked, id=14096, stack(0x0000001b05d00000,0x0000001b05e00000) (1024K)]
  0x000001fa55532140 JavaThread "c2me-worker-2"              daemon [_thread_blocked, id=956, stack(0x0000001b05e00000,0x0000001b05f00000) (1024K)]
  0x000001fa5552f9e0 JavaThread "c2me-worker-3"              daemon [_thread_blocked, id=12468, stack(0x0000001b05f00000,0x0000001b06000000) (1024K)]
  0x000001fa55533b80 JavaThread "c2me-sched"                 daemon [_thread_blocked, id=7956, stack(0x0000001b06000000,0x0000001b06100000) (1024K)]
  0x000001fa5367c440 JavaThread "Lightspeed-Cache-1"         daemon [_thread_blocked, id=12712, stack(0x0000001b04200000,0x0000001b04300000) (1024K)]
  0x000001fa53679650 JavaThread "Lightspeed-Cache-2"         daemon [_thread_blocked, id=10772, stack(0x0000001b05200000,0x0000001b05300000) (1024K)]
  0x000001fa5367d160 JavaThread "JNA Cleaner"                daemon [_thread_blocked, id=2300, stack(0x0000001b06100000,0x0000001b06200000) (1024K)]
  0x000001fa5367cad0 JavaThread "pool-12-thread-1"                  [_thread_in_vm, id=14712, stack(0x0000001b06400000,0x0000001b06500000) (1024K)]
Total: 36

Other Threads:
  0x000001f9bde25240 VMThread "VM Thread"                           [id=9576, stack(0x0000001b02f00000,0x0000001b03000000) (1024K)]
  0x000001f9bddda760 WatcherThread "VM Periodic Task Thread"        [id=8520, stack(0x0000001b02e00000,0x0000001b02f00000) (1024K)]
  0x000001f9a0e06670 WorkerThread "GC Thread#0"                     [id=9172, stack(0x0000001b02900000,0x0000001b02a00000) (1024K)]
  0x000001f9c56d5f10 WorkerThread "GC Thread#1"                     [id=15156, stack(0x0000001b03a00000,0x0000001b03b00000) (1024K)]
  0x000001f9c56d62b0 WorkerThread "GC Thread#2"                     [id=15452, stack(0x0000001b03b00000,0x0000001b03c00000) (1024K)]
  0x000001f9c56d6650 WorkerThread "GC Thread#3"                     [id=7912, stack(0x0000001b03c00000,0x0000001b03d00000) (1024K)]
  0x000001f9c572d080 WorkerThread "GC Thread#4"                     [id=2472, stack(0x0000001b03d00000,0x0000001b03e00000) (1024K)]
  0x000001f9c572f840 WorkerThread "GC Thread#5"                     [id=11860, stack(0x0000001b03e00000,0x0000001b03f00000) (1024K)]
  0x000001f9c5733bf0 WorkerThread "GC Thread#6"                     [id=5416, stack(0x0000001b03f00000,0x0000001b04000000) (1024K)]
  0x000001f9c5918a90 WorkerThread "GC Thread#7"                     [id=9664, stack(0x0000001b04000000,0x0000001b04100000) (1024K)]
  0x000001f9bdc9b7b0 ConcurrentGCThread "G1 Main Marker"            [id=8712, stack(0x0000001b02a00000,0x0000001b02b00000) (1024K)]
  0x000001f9bdc9cac0 WorkerThread "G1 Conc#0"                       [id=668, stack(0x0000001b02b00000,0x0000001b02c00000) (1024K)]
  0x000001f9c7c05d40 WorkerThread "G1 Conc#1"                       [id=2820, stack(0x0000001b04a00000,0x0000001b04b00000) (1024K)]
  0x000001f9bdd1c6b0 ConcurrentGCThread "G1 Refine#0"               [id=12096, stack(0x0000001b02c00000,0x0000001b02d00000) (1024K)]
  0x000001f9bdd1cfd0 ConcurrentGCThread "G1 Service"                [id=8508, stack(0x0000001b02d00000,0x0000001b02e00000) (1024K)]
Total: 15

Threads with active compile tasks:
Total: 0

VM state: not at safepoint (normal execution)

VM Mutex/Monitor currently owned by a thread: None

Heap address: 0x0000000600000000, size: 8192 MB, Compressed Oops mode: Zero based, Oop shift amount: 3

CDS archive(s) not mapped
Compressed class space mapped at: 0x0000000800000000-0x0000000840000000, reserved size: 1073741824
Narrow klass base: 0x0000000800000000, Narrow klass shift: 0, Narrow klass range: 0x40000000

GC Precious Log:
 CardTable entry size: 512
 Card Set container configuration: InlinePtr #cards 4 size 8 Array Of Cards #cards 32 size 80 Howl #buckets 8 coarsen threshold 7372 Howl Bitmap #cards 1024 size 144 coarsen threshold 921 Card regions per heap region 1 cards per card region 8192
 CPUs: 8 total, 8 available
 Memory: 16292M
 Large Page Support: Disabled
 NUMA Support: Disabled
 Compressed Oops: Enabled (Zero based)
 Heap Region Size: 4M
 Heap Min Capacity: 512M
 Heap Initial Capacity: 512M
 Heap Max Capacity: 8G
 Pre-touch: Disabled
 Parallel Workers: 8
 Concurrent Workers: 2
 Concurrent Refinement Workers: 8
 Periodic GC: Disabled

Heap:
 garbage-first heap   total 2113536K, used 1388544K [0x0000000600000000, 0x0000000800000000)
  region size 4096K, 179 young (733184K), 9 survivors (36864K)
 Metaspace       used 70160K, committed 71232K, reserved 1114112K
  class space    used 7848K, committed 8320K, reserved 1048576K

Heap Regions: E=young(eden), S=young(survivor), O=old, HS=humongous(starts), HC=humongous(continues), CS=collection set, F=free, TAMS=top-at-mark-start, PB=parsable bottom
|   0|0x0000000600000000, 0x0000000600400000, 0x0000000600400000|100%| O|  |TAMS 0x0000000600000000| PB 0x0000000600000000| Untracked 
|   1|0x0000000600400000, 0x0000000600800000, 0x0000000600800000|100%| O|  |TAMS 0x0000000600400000| PB 0x0000000600400000| Untracked 
|   2|0x0000000600800000, 0x0000000600c00000, 0x0000000600c00000|100%| O|  |TAMS 0x0000000600800000| PB 0x0000000600800000| Untracked 
|   3|0x0000000600c00000, 0x0000000601000000, 0x0000000601000000|100%| O|  |TAMS 0x0000000600c00000| PB 0x0000000600c00000| Untracked 
|   4|0x0000000601000000, 0x0000000601400000, 0x0000000601400000|100%| O|  |TAMS 0x0000000601000000| PB 0x0000000601000000| Untracked 
|   5|0x0000000601400000, 0x0000000601800000, 0x0000000601800000|100%| O|  |TAMS 0x0000000601400000| PB 0x0000000601400000| Untracked 
|   6|0x0000000601800000, 0x0000000601c00000, 0x0000000601c00000|100%|HS|  |TAMS 0x0000000601800000| PB 0x0000000601800000| Complete 
|   7|0x0000000601c00000, 0x0000000602000000, 0x0000000602000000|100%| O|  |TAMS 0x0000000601c00000| PB 0x0000000601c00000| Untracked 
|   8|0x0000000602000000, 0x0000000602400000, 0x0000000602400000|100%|HS|  |TAMS 0x0000000602000000| PB 0x0000000602000000| Complete 
|   9|0x0000000602400000, 0x0000000602800000, 0x0000000602800000|100%| O|  |TAMS 0x0000000602400000| PB 0x0000000602400000| Untracked 
|  10|0x0000000602800000, 0x0000000602c00000, 0x0000000602c00000|100%| O|  |TAMS 0x0000000602800000| PB 0x0000000602800000| Untracked 
|  11|0x0000000602c00000, 0x0000000603000000, 0x0000000603000000|100%| O|  |TAMS 0x0000000602c00000| PB 0x0000000602c00000| Untracked 
|  12|0x0000000603000000, 0x0000000603400000, 0x0000000603400000|100%| O|  |TAMS 0x0000000603000000| PB 0x0000000603000000| Untracked 
|  13|0x0000000603400000, 0x0000000603800000, 0x0000000603800000|100%| O|  |TAMS 0x0000000603400000| PB 0x0000000603400000| Untracked 
|  14|0x0000000603800000, 0x0000000603c00000, 0x0000000603c00000|100%| O|  |TAMS 0x0000000603800000| PB 0x0000000603800000| Untracked 
|  15|0x0000000603c00000, 0x0000000604000000, 0x0000000604000000|100%| O|  |TAMS 0x0000000603c00000| PB 0x0000000603c00000| Untracked 
|  16|0x0000000604000000, 0x0000000604400000, 0x0000000604400000|100%| O|  |TAMS 0x0000000604000000| PB 0x0000000604000000| Untracked 
|  17|0x0000000604400000, 0x0000000604800000, 0x0000000604800000|100%|HS|  |TAMS 0x0000000604400000| PB 0x0000000604400000| Complete 
|  18|0x0000000604800000, 0x0000000604c00000, 0x0000000604c00000|100%|HS|  |TAMS 0x0000000604800000| PB 0x0000000604800000| Complete 
|  19|0x0000000604c00000, 0x0000000605000000, 0x0000000605000000|100%|HS|  |TAMS 0x0000000604c00000| PB 0x0000000604c00000| Complete 
|  20|0x0000000605000000, 0x0000000605400000, 0x0000000605400000|100%| O|  |TAMS 0x0000000605000000| PB 0x0000000605000000| Untracked 
|  21|0x0000000605400000, 0x0000000605800000, 0x0000000605800000|100%| O|  |TAMS 0x0000000605400000| PB 0x0000000605400000| Untracked 
|  22|0x0000000605800000, 0x0000000605c00000, 0x0000000605c00000|100%| O|  |TAMS 0x0000000605800000| PB 0x0000000605800000| Untracked 
|  23|0x0000000605c00000, 0x0000000606000000, 0x0000000606000000|100%| O|  |TAMS 0x0000000605c00000| PB 0x0000000605c00000| Untracked 
|  24|0x0000000606000000, 0x0000000606400000, 0x0000000606400000|100%| O|  |TAMS 0x0000000606000000| PB 0x0000000606000000| Untracked 
|  25|0x0000000606400000, 0x0000000606800000, 0x0000000606800000|100%| O|  |TAMS 0x0000000606400000| PB 0x0000000606400000| Untracked 
|  26|0x0000000606800000, 0x0000000606c00000, 0x0000000606c00000|100%| O|  |TAMS 0x0000000606800000| PB 0x0000000606800000| Untracked 
|  27|0x0000000606c00000, 0x0000000607000000, 0x0000000607000000|100%| O|  |TAMS 0x0000000606c00000| PB 0x0000000606c00000| Untracked 
|  28|0x0000000607000000, 0x0000000607400000, 0x0000000607400000|100%| O|  |TAMS 0x0000000607000000| PB 0x0000000607000000| Untracked 
|  29|0x0000000607400000, 0x0000000607800000, 0x0000000607800000|100%| O|  |TAMS 0x0000000607400000| PB 0x0000000607400000| Untracked 
|  30|0x0000000607800000, 0x0000000607c00000, 0x0000000607c00000|100%| O|  |TAMS 0x0000000607800000| PB 0x0000000607800000| Untracked 
|  31|0x0000000607c00000, 0x0000000608000000, 0x0000000608000000|100%| O|  |TAMS 0x0000000607c00000| PB 0x0000000607c00000| Untracked 
|  32|0x0000000608000000, 0x0000000608400000, 0x0000000608400000|100%| O|  |TAMS 0x0000000608000000| PB 0x0000000608000000| Untracked 
|  33|0x0000000608400000, 0x0000000608800000, 0x0000000608800000|100%| O|  |TAMS 0x0000000608400000| PB 0x0000000608400000| Untracked 
|  34|0x0000000608800000, 0x0000000608c00000, 0x0000000608c00000|100%| O|  |TAMS 0x0000000608800000| PB 0x0000000608800000| Untracked 
|  35|0x0000000608c00000, 0x0000000609000000, 0x0000000609000000|100%| O|  |TAMS 0x0000000608c00000| PB 0x0000000608c00000| Untracked 
|  36|0x0000000609000000, 0x0000000609400000, 0x0000000609400000|100%|HS|  |TAMS 0x0000000609000000| PB 0x0000000609000000| Complete 
|  37|0x0000000609400000, 0x0000000609800000, 0x0000000609800000|100%|HS|  |TAMS 0x0000000609400000| PB 0x0000000609400000| Complete 
|  38|0x0000000609800000, 0x0000000609c00000, 0x0000000609c00000|100%|HS|  |TAMS 0x0000000609800000| PB 0x0000000609800000| Complete 
|  39|0x0000000609c00000, 0x000000060a000000, 0x000000060a000000|100%|HC|  |TAMS 0x0000000609c00000| PB 0x0000000609c00000| Complete 
|  40|0x000000060a000000, 0x000000060a400000, 0x000000060a400000|100%|HS|  |TAMS 0x000000060a000000| PB 0x000000060a000000| Complete 
|  41|0x000000060a400000, 0x000000060a800000, 0x000000060a800000|100%|HC|  |TAMS 0x000000060a400000| PB 0x000000060a400000| Complete 
|  42|0x000000060a800000, 0x000000060ac00000, 0x000000060ac00000|100%|HS|  |TAMS 0x000000060a800000| PB 0x000000060a800000| Complete 
|  43|0x000000060ac00000, 0x000000060b000000, 0x000000060b000000|100%|HC|  |TAMS 0x000000060ac00000| PB 0x000000060ac00000| Complete 
|  44|0x000000060b000000, 0x000000060b400000, 0x000000060b400000|100%|HS|  |TAMS 0x000000060b000000| PB 0x000000060b000000| Complete 
|  45|0x000000060b400000, 0x000000060b800000, 0x000000060b800000|100%|HS|  |TAMS 0x000000060b400000| PB 0x000000060b400000| Complete 
|  46|0x000000060b800000, 0x000000060bc00000, 0x000000060bc00000|100%|HS|  |TAMS 0x000000060b800000| PB 0x000000060b800000| Complete 
|  47|0x000000060bc00000, 0x000000060c000000, 0x000000060c000000|100%|HS|  |TAMS 0x000000060bc00000| PB 0x000000060bc00000| Complete 
|  48|0x000000060c000000, 0x000000060c400000, 0x000000060c400000|100%|HS|  |TAMS 0x000000060c000000| PB 0x000000060c000000| Complete 
|  49|0x000000060c400000, 0x000000060c800000, 0x000000060c800000|100%| O|  |TAMS 0x000000060c400000| PB 0x000000060c400000| Untracked 
|  50|0x000000060c800000, 0x000000060cc00000, 0x000000060cc00000|100%|HS|  |TAMS 0x000000060c800000| PB 0x000000060c800000| Complete 
|  51|0x000000060cc00000, 0x000000060d000000, 0x000000060d000000|100%|HS|  |TAMS 0x000000060cc00000| PB 0x000000060cc00000| Complete 
|  52|0x000000060d000000, 0x000000060d400000, 0x000000060d400000|100%| O|  |TAMS 0x000000060d000000| PB 0x000000060d000000| Untracked 
|  53|0x000000060d400000, 0x000000060d800000, 0x000000060d800000|100%|HS|  |TAMS 0x000000060d400000| PB 0x000000060d400000| Complete 
|  54|0x000000060d800000, 0x000000060dc00000, 0x000000060dc00000|100%|HC|  |TAMS 0x000000060d800000| PB 0x000000060d800000| Complete 
|  55|0x000000060dc00000, 0x000000060e000000, 0x000000060e000000|100%| O|  |TAMS 0x000000060dc00000| PB 0x000000060dc00000| Untracked 
|  56|0x000000060e000000, 0x000000060e400000, 0x000000060e400000|100%| O|  |TAMS 0x000000060e000000| PB 0x000000060e000000| Untracked 
|  57|0x000000060e400000, 0x000000060e800000, 0x000000060e800000|100%| O|  |TAMS 0x000000060e400000| PB 0x000000060e400000| Untracked 
|  58|0x000000060e800000, 0x000000060ec00000, 0x000000060ec00000|100%| O|  |TAMS 0x000000060e800000| PB 0x000000060e800000| Untracked 
|  59|0x000000060ec00000, 0x000000060f000000, 0x000000060f000000|100%| O|  |TAMS 0x000000060ec00000| PB 0x000000060ec00000| Untracked 
|  60|0x000000060f000000, 0x000000060f400000, 0x000000060f400000|100%|HS|  |TAMS 0x000000060f000000| PB 0x000000060f000000| Complete 
|  61|0x000000060f400000, 0x000000060f800000, 0x000000060f800000|100%| O|  |TAMS 0x000000060f400000| PB 0x000000060f400000| Untracked 
|  62|0x000000060f800000, 0x000000060fc00000, 0x000000060fc00000|100%| O|  |TAMS 0x000000060f800000| PB 0x000000060f800000| Untracked 
|  63|0x000000060fc00000, 0x0000000610000000, 0x0000000610000000|100%| O|  |TAMS 0x000000060fc00000| PB 0x000000060fc00000| Untracked 
|  64|0x0000000610000000, 0x0000000610400000, 0x0000000610400000|100%| O|  |TAMS 0x0000000610000000| PB 0x0000000610000000| Untracked 
|  65|0x0000000610400000, 0x0000000610800000, 0x0000000610800000|100%| O|  |TAMS 0x0000000610400000| PB 0x0000000610400000| Untracked 
|  66|0x0000000610800000, 0x0000000610c00000, 0x0000000610c00000|100%| O|  |TAMS 0x0000000610800000| PB 0x0000000610800000| Untracked 
|  67|0x0000000610c00000, 0x0000000611000000, 0x0000000611000000|100%| O|  |TAMS 0x0000000610c00000| PB 0x0000000610c00000| Untracked 
|  68|0x0000000611000000, 0x0000000611400000, 0x0000000611400000|100%| O|  |TAMS 0x0000000611000000| PB 0x0000000611000000| Untracked 
|  69|0x0000000611400000, 0x0000000611800000, 0x0000000611800000|100%| O|  |TAMS 0x0000000611400000| PB 0x0000000611400000| Untracked 
|  70|0x0000000611800000, 0x0000000611c00000, 0x0000000611c00000|100%| O|  |TAMS 0x0000000611800000| PB 0x0000000611800000| Untracked 
|  71|0x0000000611c00000, 0x0000000612000000, 0x0000000612000000|100%| O|  |TAMS 0x0000000611c00000| PB 0x0000000611c00000| Untracked 
|  72|0x0000000612000000, 0x0000000612400000, 0x0000000612400000|100%| O|  |TAMS 0x0000000612000000| PB 0x0000000612000000| Untracked 
|  73|0x0000000612400000, 0x0000000612800000, 0x0000000612800000|100%| O|Cm|TAMS 0x0000000612400000| PB 0x0000000612400000| Complete 
|  74|0x0000000612800000, 0x0000000612c00000, 0x0000000612c00000|100%| O|  |TAMS 0x0000000612800000| PB 0x0000000612800000| Untracked 
|  75|0x0000000612c00000, 0x0000000613000000, 0x0000000613000000|100%| O|  |TAMS 0x0000000612c00000| PB 0x0000000612c00000| Untracked 
|  76|0x0000000613000000, 0x0000000613400000, 0x0000000613400000|100%| O|  |TAMS 0x0000000613000000| PB 0x0000000613000000| Untracked 
|  77|0x0000000613400000, 0x0000000613800000, 0x0000000613800000|100%|HS|  |TAMS 0x0000000613400000| PB 0x0000000613400000| Complete 
|  78|0x0000000613800000, 0x0000000613c00000, 0x0000000613c00000|100%| O|  |TAMS 0x0000000613800000| PB 0x0000000613800000| Untracked 
|  79|0x0000000613c00000, 0x0000000614000000, 0x0000000614000000|100%|HS|  |TAMS 0x0000000613c00000| PB 0x0000000613c00000| Complete 
|  80|0x0000000614000000, 0x0000000614400000, 0x0000000614400000|100%|HC|  |TAMS 0x0000000614000000| PB 0x0000000614000000| Complete 
|  81|0x0000000614400000, 0x0000000614800000, 0x0000000614800000|100%| O|  |TAMS 0x0000000614400000| PB 0x0000000614400000| Untracked 
|  82|0x0000000614800000, 0x0000000614c00000, 0x0000000614c00000|100%| O|  |TAMS 0x0000000614800000| PB 0x0000000614800000| Untracked 
|  83|0x0000000614c00000, 0x0000000615000000, 0x0000000615000000|100%|HS|  |TAMS 0x0000000614c00000| PB 0x0000000614c00000| Complete 
|  84|0x0000000615000000, 0x0000000615400000, 0x0000000615400000|100%|HC|  |TAMS 0x0000000615000000| PB 0x0000000615000000| Complete 
|  85|0x0000000615400000, 0x0000000615800000, 0x0000000615800000|100%| O|  |TAMS 0x0000000615400000| PB 0x0000000615400000| Untracked 
|  86|0x0000000615800000, 0x0000000615c00000, 0x0000000615c00000|100%| O|  |TAMS 0x0000000615800000| PB 0x0000000615800000| Untracked 
|  87|0x0000000615c00000, 0x0000000616000000, 0x0000000616000000|100%| O|  |TAMS 0x0000000615c00000| PB 0x0000000615c00000| Untracked 
|  88|0x0000000616000000, 0x0000000616400000, 0x0000000616400000|100%| O|  |TAMS 0x0000000616000000| PB 0x0000000616000000| Untracked 
|  89|0x0000000616400000, 0x0000000616800000, 0x0000000616800000|100%| O|  |TAMS 0x0000000616400000| PB 0x0000000616400000| Untracked 
|  90|0x0000000616800000, 0x0000000616c00000, 0x0000000616c00000|100%| O|  |TAMS 0x0000000616800000| PB 0x0000000616800000| Untracked 
|  91|0x0000000616c00000, 0x0000000617000000, 0x0000000617000000|100%| O|  |TAMS 0x0000000616c00000| PB 0x0000000616c00000| Untracked 
|  92|0x0000000617000000, 0x0000000617400000, 0x0000000617400000|100%| O|  |TAMS 0x0000000617000000| PB 0x0000000617000000| Untracked 
|  93|0x0000000617400000, 0x0000000617800000, 0x0000000617800000|100%| O|  |TAMS 0x0000000617400000| PB 0x0000000617400000| Untracked 
|  94|0x0000000617800000, 0x0000000617c00000, 0x0000000617c00000|100%| O|  |TAMS 0x0000000617800000| PB 0x0000000617800000| Untracked 
|  95|0x0000000617c00000, 0x0000000618000000, 0x0000000618000000|100%| O|  |TAMS 0x0000000617c00000| PB 0x0000000617c00000| Untracked 
|  96|0x0000000618000000, 0x0000000618400000, 0x0000000618400000|100%| O|  |TAMS 0x0000000618000000| PB 0x0000000618000000| Untracked 
|  97|0x0000000618400000, 0x0000000618800000, 0x0000000618800000|100%| O|  |TAMS 0x0000000618400000| PB 0x0000000618400000| Untracked 
|  98|0x0000000618800000, 0x0000000618c00000, 0x0000000618c00000|100%| O|  |TAMS 0x0000000618800000| PB 0x0000000618800000| Untracked 
|  99|0x0000000618c00000, 0x0000000619000000, 0x0000000619000000|100%| O|  |TAMS 0x0000000618c00000| PB 0x0000000618c00000| Untracked 
| 100|0x0000000619000000, 0x0000000619400000, 0x0000000619400000|100%| O|  |TAMS 0x0000000619000000| PB 0x0000000619000000| Untracked 
| 101|0x0000000619400000, 0x0000000619800000, 0x0000000619800000|100%| O|  |TAMS 0x0000000619400000| PB 0x0000000619400000| Untracked 
| 102|0x0000000619800000, 0x0000000619c00000, 0x0000000619c00000|100%| O|  |TAMS 0x0000000619800000| PB 0x0000000619800000| Untracked 
| 103|0x0000000619c00000, 0x000000061a000000, 0x000000061a000000|100%| O|  |TAMS 0x0000000619c00000| PB 0x0000000619c00000| Untracked 
| 104|0x000000061a000000, 0x000000061a400000, 0x000000061a400000|100%| O|  |TAMS 0x000000061a000000| PB 0x000000061a000000| Untracked 
| 105|0x000000061a400000, 0x000000061a800000, 0x000000061a800000|100%| O|  |TAMS 0x000000061a400000| PB 0x000000061a400000| Untracked 
| 106|0x000000061a800000, 0x000000061ac00000, 0x000000061ac00000|100%| O|  |TAMS 0x000000061a800000| PB 0x000000061a800000| Untracked 
| 107|0x000000061ac00000, 0x000000061b000000, 0x000000061b000000|100%| O|  |TAMS 0x000000061ac00000| PB 0x000000061ac00000| Untracked 
| 108|0x000000061b000000, 0x000000061b400000, 0x000000061b400000|100%| O|  |TAMS 0x000000061b000000| PB 0x000000061b000000| Untracked 
| 109|0x000000061b400000, 0x000000061b800000, 0x000000061b800000|100%| O|Cm|TAMS 0x000000061b400000| PB 0x000000061b400000| Complete 
| 110|0x000000061b800000, 0x000000061bc00000, 0x000000061bc00000|100%| O|Cm|TAMS 0x000000061b800000| PB 0x000000061b800000| Complete 
| 111|0x000000061bc00000, 0x000000061c000000, 0x000000061c000000|100%| O|Cm|TAMS 0x000000061bc00000| PB 0x000000061bc00000| Complete 
| 112|0x000000061c000000, 0x000000061c400000, 0x000000061c400000|100%| O|  |TAMS 0x000000061c000000| PB 0x000000061c000000| Untracked 
| 113|0x000000061c400000, 0x000000061c800000, 0x000000061c800000|100%| O|  |TAMS 0x000000061c400000| PB 0x000000061c400000| Untracked 
| 114|0x000000061c800000, 0x000000061cc00000, 0x000000061cc00000|100%| O|  |TAMS 0x000000061c800000| PB 0x000000061c800000| Untracked 
| 115|0x000000061cc00000, 0x000000061d000000, 0x000000061d000000|100%| O|  |TAMS 0x000000061cc00000| PB 0x000000061cc00000| Untracked 
| 116|0x000000061d000000, 0x000000061d400000, 0x000000061d400000|100%| O|  |TAMS 0x000000061d000000| PB 0x000000061d000000| Untracked 
| 117|0x000000061d400000, 0x000000061d800000, 0x000000061d800000|100%| O|  |TAMS 0x000000061d400000| PB 0x000000061d400000| Untracked 
| 118|0x000000061d800000, 0x000000061dc00000, 0x000000061dc00000|100%| O|  |TAMS 0x000000061d800000| PB 0x000000061d800000| Untracked 
| 119|0x000000061dc00000, 0x000000061e000000, 0x000000061e000000|100%| O|  |TAMS 0x000000061dc00000| PB 0x000000061dc00000| Untracked 
| 120|0x000000061e000000, 0x000000061e400000, 0x000000061e400000|100%| O|  |TAMS 0x000000061e000000| PB 0x000000061e000000| Untracked 
| 121|0x000000061e400000, 0x000000061e800000, 0x000000061e800000|100%|HS|  |TAMS 0x000000061e400000| PB 0x000000061e400000| Complete 
| 122|0x000000061e800000, 0x000000061ec00000, 0x000000061ec00000|100%|HC|  |TAMS 0x000000061e800000| PB 0x000000061e800000| Complete 
| 123|0x000000061ec00000, 0x000000061f000000, 0x000000061f000000|100%|HC|  |TAMS 0x000000061ec00000| PB 0x000000061ec00000| Complete 
| 124|0x000000061f000000, 0x000000061f400000, 0x000000061f400000|100%| O|  |TAMS 0x000000061f000000| PB 0x000000061f000000| Untracked 
| 125|0x000000061f400000, 0x000000061f800000, 0x000000061f800000|100%| O|  |TAMS 0x000000061f400000| PB 0x000000061f400000| Untracked 
| 126|0x000000061f800000, 0x000000061fc00000, 0x000000061fc00000|100%| O|  |TAMS 0x000000061f800000| PB 0x000000061f800000| Untracked 
| 127|0x000000061fc00000, 0x0000000620000000, 0x0000000620000000|100%| O|  |TAMS 0x000000061fc00000| PB 0x000000061fc00000| Untracked 
| 128|0x0000000620000000, 0x0000000620400000, 0x0000000620400000|100%| O|  |TAMS 0x0000000620000000| PB 0x0000000620000000| Untracked 
| 129|0x0000000620400000, 0x0000000620800000, 0x0000000620800000|100%| O|  |TAMS 0x0000000620400000| PB 0x0000000620400000| Untracked 
| 130|0x0000000620800000, 0x0000000620c00000, 0x0000000620c00000|100%| O|  |TAMS 0x0000000620800000| PB 0x0000000620800000| Untracked 
| 131|0x0000000620c00000, 0x0000000621000000, 0x0000000621000000|100%| O|  |TAMS 0x0000000620c00000| PB 0x0000000620c00000| Untracked 
| 132|0x0000000621000000, 0x0000000621400000, 0x0000000621400000|100%| O|  |TAMS 0x0000000621000000| PB 0x0000000621000000| Untracked 
| 133|0x0000000621400000, 0x0000000621800000, 0x0000000621800000|100%| O|  |TAMS 0x0000000621400000| PB 0x0000000621400000| Untracked 
| 134|0x0000000621800000, 0x0000000621c00000, 0x0000000621c00000|100%| O|  |TAMS 0x0000000621800000| PB 0x0000000621800000| Untracked 
| 135|0x0000000621c00000, 0x0000000622000000, 0x0000000622000000|100%| O|  |TAMS 0x0000000621c00000| PB 0x0000000621c00000| Untracked 
| 136|0x0000000622000000, 0x0000000622400000, 0x0000000622400000|100%| O|  |TAMS 0x0000000622000000| PB 0x0000000622000000| Untracked 
| 137|0x0000000622400000, 0x0000000622800000, 0x0000000622800000|100%| O|  |TAMS 0x0000000622400000| PB 0x0000000622400000| Untracked 
| 138|0x0000000622800000, 0x0000000622c00000, 0x0000000622c00000|100%| O|  |TAMS 0x0000000622800000| PB 0x0000000622800000| Untracked 
| 139|0x0000000622c00000, 0x0000000623000000, 0x0000000623000000|100%| O|  |TAMS 0x0000000622c00000| PB 0x0000000622c00000| Untracked 
| 140|0x0000000623000000, 0x0000000623400000, 0x0000000623400000|100%| O|  |TAMS 0x0000000623000000| PB 0x0000000623000000| Untracked 
| 141|0x0000000623400000, 0x0000000623800000, 0x0000000623800000|100%| O|  |TAMS 0x0000000623400000| PB 0x0000000623400000| Untracked 
| 142|0x0000000623800000, 0x0000000623c00000, 0x0000000623c00000|100%| O|  |TAMS 0x0000000623800000| PB 0x0000000623800000| Untracked 
| 143|0x0000000623c00000, 0x0000000624000000, 0x0000000624000000|100%| O|  |TAMS 0x0000000623c00000| PB 0x0000000623c00000| Untracked 
| 144|0x0000000624000000, 0x0000000624400000, 0x0000000624400000|100%| O|  |TAMS 0x0000000624000000| PB 0x0000000624000000| Untracked 
| 145|0x0000000624400000, 0x0000000624800000, 0x0000000624800000|100%| O|  |TAMS 0x0000000624400000| PB 0x0000000624400000| Untracked 
| 146|0x0000000624800000, 0x0000000624c00000, 0x0000000624c00000|100%| O|  |TAMS 0x0000000624800000| PB 0x0000000624800000| Untracked 
| 147|0x0000000624c00000, 0x0000000625000000, 0x0000000625000000|100%| O|  |TAMS 0x0000000624c00000| PB 0x0000000624c00000| Untracked 
| 148|0x0000000625000000, 0x0000000625400000, 0x0000000625400000|100%| O|  |TAMS 0x0000000625000000| PB 0x0000000625000000| Untracked 
| 149|0x0000000625400000, 0x0000000625800000, 0x0000000625800000|100%| O|  |TAMS 0x0000000625400000| PB 0x0000000625400000| Untracked 
| 150|0x0000000625800000, 0x0000000625c00000, 0x0000000625c00000|100%| O|  |TAMS 0x0000000625800000| PB 0x0000000625800000| Untracked 
| 151|0x0000000625c00000, 0x0000000626000000, 0x0000000626000000|100%| O|  |TAMS 0x0000000625c00000| PB 0x0000000625c00000| Untracked 
| 152|0x0000000626000000, 0x0000000626400000, 0x0000000626400000|100%| O|  |TAMS 0x0000000626000000| PB 0x0000000626000000| Untracked 
| 153|0x0000000626400000, 0x0000000626800000, 0x0000000626800000|100%| O|  |TAMS 0x0000000626400000| PB 0x0000000626400000| Untracked 
| 154|0x0000000626800000, 0x0000000626c00000, 0x0000000626c00000|100%| O|  |TAMS 0x0000000626800000| PB 0x0000000626800000| Untracked 
| 155|0x0000000626c00000, 0x0000000627000000, 0x0000000627000000|100%| O|  |TAMS 0x0000000626c00000| PB 0x0000000626c00000| Untracked 
| 156|0x0000000627000000, 0x0000000627400000, 0x0000000627400000|100%| O|  |TAMS 0x0000000627000000| PB 0x0000000627000000| Untracked 
| 157|0x0000000627400000, 0x0000000627800000, 0x0000000627800000|100%| O|  |TAMS 0x0000000627400000| PB 0x0000000627400000| Untracked 
| 158|0x0000000627800000, 0x0000000627c00000, 0x0000000627c00000|100%| O|  |TAMS 0x0000000627800000| PB 0x0000000627800000| Untracked 
| 159|0x0000000627c00000, 0x0000000628000000, 0x0000000628000000|100%| O|  |TAMS 0x0000000627c00000| PB 0x0000000627c00000| Untracked 
| 160|0x0000000628000000, 0x0000000628400000, 0x0000000628400000|100%| O|Cm|TAMS 0x0000000628000000| PB 0x0000000628000000| Complete 
| 161|0x0000000628400000, 0x0000000628400000, 0x0000000628800000|  0%| F|  |TAMS 0x0000000628400000| PB 0x0000000628400000| Untracked 
| 162|0x0000000628800000, 0x0000000628800000, 0x0000000628c00000|  0%| F|  |TAMS 0x0000000628800000| PB 0x0000000628800000| Untracked 
| 163|0x0000000628c00000, 0x0000000628c00000, 0x0000000629000000|  0%| F|  |TAMS 0x0000000628c00000| PB 0x0000000628c00000| Untracked 
| 164|0x0000000629000000, 0x0000000629000000, 0x0000000629400000|  0%| F|  |TAMS 0x0000000629000000| PB 0x0000000629000000| Untracked 
| 165|0x0000000629400000, 0x0000000629400000, 0x0000000629800000|  0%| F|  |TAMS 0x0000000629400000| PB 0x0000000629400000| Untracked 
| 166|0x0000000629800000, 0x0000000629800000, 0x0000000629c00000|  0%| F|  |TAMS 0x0000000629800000| PB 0x0000000629800000| Untracked 
| 167|0x0000000629c00000, 0x0000000629c00000, 0x000000062a000000|  0%| F|  |TAMS 0x0000000629c00000| PB 0x0000000629c00000| Untracked 
| 168|0x000000062a000000, 0x000000062a000000, 0x000000062a400000|  0%| F|  |TAMS 0x000000062a000000| PB 0x000000062a000000| Untracked 
| 169|0x000000062a400000, 0x000000062a400000, 0x000000062a800000|  0%| F|  |TAMS 0x000000062a400000| PB 0x000000062a400000| Untracked 
| 170|0x000000062a800000, 0x000000062a800000, 0x000000062ac00000|  0%| F|  |TAMS 0x000000062a800000| PB 0x000000062a800000| Untracked 
| 171|0x000000062ac00000, 0x000000062ac00000, 0x000000062b000000|  0%| F|  |TAMS 0x000000062ac00000| PB 0x000000062ac00000| Untracked 
| 172|0x000000062b000000, 0x000000062b000000, 0x000000062b400000|  0%| F|  |TAMS 0x000000062b000000| PB 0x000000062b000000| Untracked 
| 173|0x000000062b400000, 0x000000062b400000, 0x000000062b800000|  0%| F|  |TAMS 0x000000062b400000| PB 0x000000062b400000| Untracked 
| 174|0x000000062b800000, 0x000000062b800000, 0x000000062bc00000|  0%| F|  |TAMS 0x000000062b800000| PB 0x000000062b800000| Untracked 
| 175|0x000000062bc00000, 0x000000062bc00000, 0x000000062c000000|  0%| F|  |TAMS 0x000000062bc00000| PB 0x000000062bc00000| Untracked 
| 176|0x000000062c000000, 0x000000062c000000, 0x000000062c400000|  0%| F|  |TAMS 0x000000062c000000| PB 0x000000062c000000| Untracked 
| 177|0x000000062c400000, 0x000000062c400000, 0x000000062c800000|  0%| F|  |TAMS 0x000000062c400000| PB 0x000000062c400000| Untracked 
| 178|0x000000062c800000, 0x000000062c800000, 0x000000062cc00000|  0%| F|  |TAMS 0x000000062c800000| PB 0x000000062c800000| Untracked 
| 179|0x000000062cc00000, 0x000000062cc00000, 0x000000062d000000|  0%| F|  |TAMS 0x000000062cc00000| PB 0x000000062cc00000| Untracked 
| 180|0x000000062d000000, 0x000000062d000000, 0x000000062d400000|  0%| F|  |TAMS 0x000000062d000000| PB 0x000000062d000000| Untracked 
| 181|0x000000062d400000, 0x000000062d400000, 0x000000062d800000|  0%| F|  |TAMS 0x000000062d400000| PB 0x000000062d400000| Untracked 
| 182|0x000000062d800000, 0x000000062d800000, 0x000000062dc00000|  0%| F|  |TAMS 0x000000062d800000| PB 0x000000062d800000| Untracked 
| 183|0x000000062dc00000, 0x000000062dc00000, 0x000000062e000000|  0%| F|  |TAMS 0x000000062dc00000| PB 0x000000062dc00000| Untracked 
| 184|0x000000062e000000, 0x000000062e000000, 0x000000062e400000|  0%| F|  |TAMS 0x000000062e000000| PB 0x000000062e000000| Untracked 
| 185|0x000000062e400000, 0x000000062e400000, 0x000000062e800000|  0%| F|  |TAMS 0x000000062e400000| PB 0x000000062e400000| Untracked 
| 186|0x000000062e800000, 0x000000062e800000, 0x000000062ec00000|  0%| F|  |TAMS 0x000000062e800000| PB 0x000000062e800000| Untracked 
| 187|0x000000062ec00000, 0x000000062ec00000, 0x000000062f000000|  0%| F|  |TAMS 0x000000062ec00000| PB 0x000000062ec00000| Untracked 
| 188|0x000000062f000000, 0x000000062f000000, 0x000000062f400000|  0%| F|  |TAMS 0x000000062f000000| PB 0x000000062f000000| Untracked 
| 189|0x000000062f400000, 0x000000062f400000, 0x000000062f800000|  0%| F|  |TAMS 0x000000062f400000| PB 0x000000062f400000| Untracked 
| 190|0x000000062f800000, 0x000000062f800000, 0x000000062fc00000|  0%| F|  |TAMS 0x000000062f800000| PB 0x000000062f800000| Untracked 
| 191|0x000000062fc00000, 0x000000062fc00000, 0x0000000630000000|  0%| F|  |TAMS 0x000000062fc00000| PB 0x000000062fc00000| Untracked 
| 192|0x0000000630000000, 0x0000000630000000, 0x0000000630400000|  0%| F|  |TAMS 0x0000000630000000| PB 0x0000000630000000| Untracked 
| 193|0x0000000630400000, 0x0000000630400000, 0x0000000630800000|  0%| F|  |TAMS 0x0000000630400000| PB 0x0000000630400000| Untracked 
| 194|0x0000000630800000, 0x0000000630800000, 0x0000000630c00000|  0%| F|  |TAMS 0x0000000630800000| PB 0x0000000630800000| Untracked 
| 195|0x0000000630c00000, 0x0000000630c00000, 0x0000000631000000|  0%| F|  |TAMS 0x0000000630c00000| PB 0x0000000630c00000| Untracked 
| 196|0x0000000631000000, 0x0000000631000000, 0x0000000631400000|  0%| F|  |TAMS 0x0000000631000000| PB 0x0000000631000000| Untracked 
| 197|0x0000000631400000, 0x0000000631400000, 0x0000000631800000|  0%| F|  |TAMS 0x0000000631400000| PB 0x0000000631400000| Untracked 
| 198|0x0000000631800000, 0x0000000631c00000, 0x0000000631c00000|100%| S|CS|TAMS 0x0000000631800000| PB 0x0000000631800000| Complete 
| 199|0x0000000631c00000, 0x0000000632000000, 0x0000000632000000|100%| S|CS|TAMS 0x0000000631c00000| PB 0x0000000631c00000| Complete 
| 200|0x0000000632000000, 0x0000000632400000, 0x0000000632400000|100%| S|CS|TAMS 0x0000000632000000| PB 0x0000000632000000| Complete 
| 201|0x0000000632400000, 0x0000000632800000, 0x0000000632800000|100%| S|CS|TAMS 0x0000000632400000| PB 0x0000000632400000| Complete 
| 202|0x0000000632800000, 0x0000000632c00000, 0x0000000632c00000|100%| S|CS|TAMS 0x0000000632800000| PB 0x0000000632800000| Complete 
| 203|0x0000000632c00000, 0x0000000633000000, 0x0000000633000000|100%| S|CS|TAMS 0x0000000632c00000| PB 0x0000000632c00000| Complete 
| 204|0x0000000633000000, 0x0000000633400000, 0x0000000633400000|100%| S|CS|TAMS 0x0000000633000000| PB 0x0000000633000000| Complete 
| 205|0x0000000633400000, 0x0000000633800000, 0x0000000633800000|100%| S|CS|TAMS 0x0000000633400000| PB 0x0000000633400000| Complete 
| 206|0x0000000633800000, 0x0000000633c00000, 0x0000000633c00000|100%| S|CS|TAMS 0x0000000633800000| PB 0x0000000633800000| Complete 
| 207|0x0000000633c00000, 0x0000000633c00000, 0x0000000634000000|  0%| F|  |TAMS 0x0000000633c00000| PB 0x0000000633c00000| Untracked 
| 208|0x0000000634000000, 0x0000000634000000, 0x0000000634400000|  0%| F|  |TAMS 0x0000000634000000| PB 0x0000000634000000| Untracked 
| 209|0x0000000634400000, 0x0000000634400000, 0x0000000634800000|  0%| F|  |TAMS 0x0000000634400000| PB 0x0000000634400000| Untracked 
| 210|0x0000000634800000, 0x0000000634800000, 0x0000000634c00000|  0%| F|  |TAMS 0x0000000634800000| PB 0x0000000634800000| Untracked 
| 211|0x0000000634c00000, 0x0000000634c00000, 0x0000000635000000|  0%| F|  |TAMS 0x0000000634c00000| PB 0x0000000634c00000| Untracked 
| 212|0x0000000635000000, 0x0000000635000000, 0x0000000635400000|  0%| F|  |TAMS 0x0000000635000000| PB 0x0000000635000000| Untracked 
| 213|0x0000000635400000, 0x0000000635400000, 0x0000000635800000|  0%| F|  |TAMS 0x0000000635400000| PB 0x0000000635400000| Untracked 
| 214|0x0000000635800000, 0x0000000635800000, 0x0000000635c00000|  0%| F|  |TAMS 0x0000000635800000| PB 0x0000000635800000| Untracked 
| 215|0x0000000635c00000, 0x0000000635c00000, 0x0000000636000000|  0%| F|  |TAMS 0x0000000635c00000| PB 0x0000000635c00000| Untracked 
| 216|0x0000000636000000, 0x0000000636000000, 0x0000000636400000|  0%| F|  |TAMS 0x0000000636000000| PB 0x0000000636000000| Untracked 
| 217|0x0000000636400000, 0x0000000636400000, 0x0000000636800000|  0%| F|  |TAMS 0x0000000636400000| PB 0x0000000636400000| Untracked 
| 218|0x0000000636800000, 0x0000000636800000, 0x0000000636c00000|  0%| F|  |TAMS 0x0000000636800000| PB 0x0000000636800000| Untracked 
| 219|0x0000000636c00000, 0x0000000636c00000, 0x0000000637000000|  0%| F|  |TAMS 0x0000000636c00000| PB 0x0000000636c00000| Untracked 
| 220|0x0000000637000000, 0x0000000637000000, 0x0000000637400000|  0%| F|  |TAMS 0x0000000637000000| PB 0x0000000637000000| Untracked 
| 221|0x0000000637400000, 0x0000000637400000, 0x0000000637800000|  0%| F|  |TAMS 0x0000000637400000| PB 0x0000000637400000| Untracked 
| 222|0x0000000637800000, 0x0000000637800000, 0x0000000637c00000|  0%| F|  |TAMS 0x0000000637800000| PB 0x0000000637800000| Untracked 
| 223|0x0000000637c00000, 0x0000000637c00000, 0x0000000638000000|  0%| F|  |TAMS 0x0000000637c00000| PB 0x0000000637c00000| Untracked 
| 224|0x0000000638000000, 0x0000000638000000, 0x0000000638400000|  0%| F|  |TAMS 0x0000000638000000| PB 0x0000000638000000| Untracked 
| 225|0x0000000638400000, 0x0000000638400000, 0x0000000638800000|  0%| F|  |TAMS 0x0000000638400000| PB 0x0000000638400000| Untracked 
| 226|0x0000000638800000, 0x0000000638800000, 0x0000000638c00000|  0%| F|  |TAMS 0x0000000638800000| PB 0x0000000638800000| Untracked 
| 227|0x0000000638c00000, 0x0000000638c00000, 0x0000000639000000|  0%| F|  |TAMS 0x0000000638c00000| PB 0x0000000638c00000| Untracked 
| 228|0x0000000639000000, 0x0000000639000000, 0x0000000639400000|  0%| F|  |TAMS 0x0000000639000000| PB 0x0000000639000000| Untracked 
| 229|0x0000000639400000, 0x0000000639400000, 0x0000000639800000|  0%| F|  |TAMS 0x0000000639400000| PB 0x0000000639400000| Untracked 
| 230|0x0000000639800000, 0x0000000639800000, 0x0000000639c00000|  0%| F|  |TAMS 0x0000000639800000| PB 0x0000000639800000| Untracked 
| 231|0x0000000639c00000, 0x0000000639c00000, 0x000000063a000000|  0%| F|  |TAMS 0x0000000639c00000| PB 0x0000000639c00000| Untracked 
| 232|0x000000063a000000, 0x000000063a000000, 0x000000063a400000|  0%| F|  |TAMS 0x000000063a000000| PB 0x000000063a000000| Untracked 
| 233|0x000000063a400000, 0x000000063a400000, 0x000000063a800000|  0%| F|  |TAMS 0x000000063a400000| PB 0x000000063a400000| Untracked 
| 234|0x000000063a800000, 0x000000063a800000, 0x000000063ac00000|  0%| F|  |TAMS 0x000000063a800000| PB 0x000000063a800000| Untracked 
| 235|0x000000063ac00000, 0x000000063ac00000, 0x000000063b000000|  0%| F|  |TAMS 0x000000063ac00000| PB 0x000000063ac00000| Untracked 
| 236|0x000000063b000000, 0x000000063b000000, 0x000000063b400000|  0%| F|  |TAMS 0x000000063b000000| PB 0x000000063b000000| Untracked 
| 237|0x000000063b400000, 0x000000063b400000, 0x000000063b800000|  0%| F|  |TAMS 0x000000063b400000| PB 0x000000063b400000| Untracked 
| 238|0x000000063b800000, 0x000000063b800000, 0x000000063bc00000|  0%| F|  |TAMS 0x000000063b800000| PB 0x000000063b800000| Untracked 
| 239|0x000000063bc00000, 0x000000063bc00000, 0x000000063c000000|  0%| F|  |TAMS 0x000000063bc00000| PB 0x000000063bc00000| Untracked 
| 240|0x000000063c000000, 0x000000063c000000, 0x000000063c400000|  0%| F|  |TAMS 0x000000063c000000| PB 0x000000063c000000| Untracked 
| 241|0x000000063c400000, 0x000000063c400000, 0x000000063c800000|  0%| F|  |TAMS 0x000000063c400000| PB 0x000000063c400000| Untracked 
| 242|0x000000063c800000, 0x000000063c800000, 0x000000063cc00000|  0%| F|  |TAMS 0x000000063c800000| PB 0x000000063c800000| Untracked 
| 243|0x000000063cc00000, 0x000000063cc00000, 0x000000063d000000|  0%| F|  |TAMS 0x000000063cc00000| PB 0x000000063cc00000| Untracked 
| 244|0x000000063d000000, 0x000000063d000000, 0x000000063d400000|  0%| F|  |TAMS 0x000000063d000000| PB 0x000000063d000000| Untracked 
| 245|0x000000063d400000, 0x000000063d400000, 0x000000063d800000|  0%| F|  |TAMS 0x000000063d400000| PB 0x000000063d400000| Untracked 
| 246|0x000000063d800000, 0x000000063d800000, 0x000000063dc00000|  0%| F|  |TAMS 0x000000063d800000| PB 0x000000063d800000| Untracked 
| 247|0x000000063dc00000, 0x000000063dc00000, 0x000000063e000000|  0%| F|  |TAMS 0x000000063dc00000| PB 0x000000063dc00000| Untracked 
| 248|0x000000063e000000, 0x000000063e000000, 0x000000063e400000|  0%| F|  |TAMS 0x000000063e000000| PB 0x000000063e000000| Untracked 
| 249|0x000000063e400000, 0x000000063e400000, 0x000000063e800000|  0%| F|  |TAMS 0x000000063e400000| PB 0x000000063e400000| Untracked 
| 250|0x000000063e800000, 0x000000063e800000, 0x000000063ec00000|  0%| F|  |TAMS 0x000000063e800000| PB 0x000000063e800000| Untracked 
| 251|0x000000063ec00000, 0x000000063ec00000, 0x000000063f000000|  0%| F|  |TAMS 0x000000063ec00000| PB 0x000000063ec00000| Untracked 
| 252|0x000000063f000000, 0x000000063f000000, 0x000000063f400000|  0%| F|  |TAMS 0x000000063f000000| PB 0x000000063f000000| Untracked 
| 253|0x000000063f400000, 0x000000063f400000, 0x000000063f800000|  0%| F|  |TAMS 0x000000063f400000| PB 0x000000063f400000| Untracked 
| 254|0x000000063f800000, 0x000000063f800000, 0x000000063fc00000|  0%| F|  |TAMS 0x000000063f800000| PB 0x000000063f800000| Untracked 
| 255|0x000000063fc00000, 0x000000063fc00000, 0x0000000640000000|  0%| F|  |TAMS 0x000000063fc00000| PB 0x000000063fc00000| Untracked 
| 256|0x0000000640000000, 0x0000000640000000, 0x0000000640400000|  0%| F|  |TAMS 0x0000000640000000| PB 0x0000000640000000| Untracked 
| 257|0x0000000640400000, 0x0000000640400000, 0x0000000640800000|  0%| F|  |TAMS 0x0000000640400000| PB 0x0000000640400000| Untracked 
| 258|0x0000000640800000, 0x0000000640800000, 0x0000000640c00000|  0%| F|  |TAMS 0x0000000640800000| PB 0x0000000640800000| Untracked 
| 259|0x0000000640c00000, 0x0000000640c00000, 0x0000000641000000|  0%| F|  |TAMS 0x0000000640c00000| PB 0x0000000640c00000| Untracked 
| 260|0x0000000641000000, 0x0000000641000000, 0x0000000641400000|  0%| F|  |TAMS 0x0000000641000000| PB 0x0000000641000000| Untracked 
| 261|0x0000000641400000, 0x0000000641400000, 0x0000000641800000|  0%| F|  |TAMS 0x0000000641400000| PB 0x0000000641400000| Untracked 
| 262|0x0000000641800000, 0x0000000641800000, 0x0000000641c00000|  0%| F|  |TAMS 0x0000000641800000| PB 0x0000000641800000| Untracked 
| 263|0x0000000641c00000, 0x0000000641c00000, 0x0000000642000000|  0%| F|  |TAMS 0x0000000641c00000| PB 0x0000000641c00000| Untracked 
| 264|0x0000000642000000, 0x0000000642000000, 0x0000000642400000|  0%| F|  |TAMS 0x0000000642000000| PB 0x0000000642000000| Untracked 
| 265|0x0000000642400000, 0x0000000642400000, 0x0000000642800000|  0%| F|  |TAMS 0x0000000642400000| PB 0x0000000642400000| Untracked 
| 266|0x0000000642800000, 0x0000000642800000, 0x0000000642c00000|  0%| F|  |TAMS 0x0000000642800000| PB 0x0000000642800000| Untracked 
| 267|0x0000000642c00000, 0x0000000642c00000, 0x0000000643000000|  0%| F|  |TAMS 0x0000000642c00000| PB 0x0000000642c00000| Untracked 
| 268|0x0000000643000000, 0x0000000643000000, 0x0000000643400000|  0%| F|  |TAMS 0x0000000643000000| PB 0x0000000643000000| Untracked 
| 269|0x0000000643400000, 0x0000000643400000, 0x0000000643800000|  0%| F|  |TAMS 0x0000000643400000| PB 0x0000000643400000| Untracked 
| 270|0x0000000643800000, 0x0000000643800000, 0x0000000643c00000|  0%| F|  |TAMS 0x0000000643800000| PB 0x0000000643800000| Untracked 
| 271|0x0000000643c00000, 0x0000000643c00000, 0x0000000644000000|  0%| F|  |TAMS 0x0000000643c00000| PB 0x0000000643c00000| Untracked 
| 272|0x0000000644000000, 0x0000000644000000, 0x0000000644400000|  0%| F|  |TAMS 0x0000000644000000| PB 0x0000000644000000| Untracked 
| 273|0x0000000644400000, 0x0000000644400000, 0x0000000644800000|  0%| F|  |TAMS 0x0000000644400000| PB 0x0000000644400000| Untracked 
| 274|0x0000000644800000, 0x0000000644800000, 0x0000000644c00000|  0%| F|  |TAMS 0x0000000644800000| PB 0x0000000644800000| Untracked 
| 275|0x0000000644c00000, 0x0000000644c00000, 0x0000000645000000|  0%| F|  |TAMS 0x0000000644c00000| PB 0x0000000644c00000| Untracked 
| 276|0x0000000645000000, 0x0000000645000000, 0x0000000645400000|  0%| F|  |TAMS 0x0000000645000000| PB 0x0000000645000000| Untracked 
| 277|0x0000000645400000, 0x0000000645400000, 0x0000000645800000|  0%| F|  |TAMS 0x0000000645400000| PB 0x0000000645400000| Untracked 
| 278|0x0000000645800000, 0x0000000645800000, 0x0000000645c00000|  0%| F|  |TAMS 0x0000000645800000| PB 0x0000000645800000| Untracked 
| 279|0x0000000645c00000, 0x0000000645c00000, 0x0000000646000000|  0%| F|  |TAMS 0x0000000645c00000| PB 0x0000000645c00000| Untracked 
| 280|0x0000000646000000, 0x0000000646000000, 0x0000000646400000|  0%| F|  |TAMS 0x0000000646000000| PB 0x0000000646000000| Untracked 
| 281|0x0000000646400000, 0x0000000646400000, 0x0000000646800000|  0%| F|  |TAMS 0x0000000646400000| PB 0x0000000646400000| Untracked 
| 282|0x0000000646800000, 0x0000000646800000, 0x0000000646c00000|  0%| F|  |TAMS 0x0000000646800000| PB 0x0000000646800000| Untracked 
| 283|0x0000000646c00000, 0x0000000646c00000, 0x0000000647000000|  0%| F|  |TAMS 0x0000000646c00000| PB 0x0000000646c00000| Untracked 
| 284|0x0000000647000000, 0x0000000647000000, 0x0000000647400000|  0%| F|  |TAMS 0x0000000647000000| PB 0x0000000647000000| Untracked 
| 285|0x0000000647400000, 0x0000000647400000, 0x0000000647800000|  0%| F|  |TAMS 0x0000000647400000| PB 0x0000000647400000| Untracked 
| 286|0x0000000647800000, 0x0000000647800000, 0x0000000647c00000|  0%| F|  |TAMS 0x0000000647800000| PB 0x0000000647800000| Untracked 
| 287|0x0000000647c00000, 0x0000000647c00000, 0x0000000648000000|  0%| F|  |TAMS 0x0000000647c00000| PB 0x0000000647c00000| Untracked 
| 288|0x0000000648000000, 0x0000000648000000, 0x0000000648400000|  0%| F|  |TAMS 0x0000000648000000| PB 0x0000000648000000| Untracked 
| 289|0x0000000648400000, 0x0000000648400000, 0x0000000648800000|  0%| F|  |TAMS 0x0000000648400000| PB 0x0000000648400000| Untracked 
| 290|0x0000000648800000, 0x0000000648800000, 0x0000000648c00000|  0%| F|  |TAMS 0x0000000648800000| PB 0x0000000648800000| Untracked 
| 291|0x0000000648c00000, 0x0000000648c00000, 0x0000000649000000|  0%| F|  |TAMS 0x0000000648c00000| PB 0x0000000648c00000| Untracked 
| 292|0x0000000649000000, 0x0000000649000000, 0x0000000649400000|  0%| F|  |TAMS 0x0000000649000000| PB 0x0000000649000000| Untracked 
| 293|0x0000000649400000, 0x0000000649400000, 0x0000000649800000|  0%| F|  |TAMS 0x0000000649400000| PB 0x0000000649400000| Untracked 
| 294|0x0000000649800000, 0x0000000649800000, 0x0000000649c00000|  0%| F|  |TAMS 0x0000000649800000| PB 0x0000000649800000| Untracked 
| 295|0x0000000649c00000, 0x0000000649c00000, 0x000000064a000000|  0%| F|  |TAMS 0x0000000649c00000| PB 0x0000000649c00000| Untracked 
| 296|0x000000064a000000, 0x000000064a000000, 0x000000064a400000|  0%| F|  |TAMS 0x000000064a000000| PB 0x000000064a000000| Untracked 
| 297|0x000000064a400000, 0x000000064a400000, 0x000000064a800000|  0%| F|  |TAMS 0x000000064a400000| PB 0x000000064a400000| Untracked 
| 298|0x000000064a800000, 0x000000064a800000, 0x000000064ac00000|  0%| F|  |TAMS 0x000000064a800000| PB 0x000000064a800000| Untracked 
| 299|0x000000064ac00000, 0x000000064ac00000, 0x000000064b000000|  0%| F|  |TAMS 0x000000064ac00000| PB 0x000000064ac00000| Untracked 
| 300|0x000000064b000000, 0x000000064b000000, 0x000000064b400000|  0%| F|  |TAMS 0x000000064b000000| PB 0x000000064b000000| Untracked 
| 301|0x000000064b400000, 0x000000064b400000, 0x000000064b800000|  0%| F|  |TAMS 0x000000064b400000| PB 0x000000064b400000| Untracked 
| 302|0x000000064b800000, 0x000000064b800000, 0x000000064bc00000|  0%| F|  |TAMS 0x000000064b800000| PB 0x000000064b800000| Untracked 
| 303|0x000000064bc00000, 0x000000064bc00000, 0x000000064c000000|  0%| F|  |TAMS 0x000000064bc00000| PB 0x000000064bc00000| Untracked 
| 304|0x000000064c000000, 0x000000064c000000, 0x000000064c400000|  0%| F|  |TAMS 0x000000064c000000| PB 0x000000064c000000| Untracked 
| 305|0x000000064c400000, 0x000000064c400000, 0x000000064c800000|  0%| F|  |TAMS 0x000000064c400000| PB 0x000000064c400000| Untracked 
| 306|0x000000064c800000, 0x000000064c800000, 0x000000064cc00000|  0%| F|  |TAMS 0x000000064c800000| PB 0x000000064c800000| Untracked 
| 307|0x000000064cc00000, 0x000000064cc00000, 0x000000064d000000|  0%| F|  |TAMS 0x000000064cc00000| PB 0x000000064cc00000| Untracked 
| 308|0x000000064d000000, 0x000000064d000000, 0x000000064d400000|  0%| F|  |TAMS 0x000000064d000000| PB 0x000000064d000000| Untracked 
| 309|0x000000064d400000, 0x000000064d400000, 0x000000064d800000|  0%| F|  |TAMS 0x000000064d400000| PB 0x000000064d400000| Untracked 
| 310|0x000000064d800000, 0x000000064d800000, 0x000000064dc00000|  0%| F|  |TAMS 0x000000064d800000| PB 0x000000064d800000| Untracked 
| 311|0x000000064dc00000, 0x000000064dc00000, 0x000000064e000000|  0%| F|  |TAMS 0x000000064dc00000| PB 0x000000064dc00000| Untracked 
| 312|0x000000064e000000, 0x000000064e000000, 0x000000064e400000|  0%| F|  |TAMS 0x000000064e000000| PB 0x000000064e000000| Untracked 
| 313|0x000000064e400000, 0x000000064e400000, 0x000000064e800000|  0%| F|  |TAMS 0x000000064e400000| PB 0x000000064e400000| Untracked 
| 314|0x000000064e800000, 0x000000064e800000, 0x000000064ec00000|  0%| F|  |TAMS 0x000000064e800000| PB 0x000000064e800000| Untracked 
| 315|0x000000064ec00000, 0x000000064ec00000, 0x000000064f000000|  0%| F|  |TAMS 0x000000064ec00000| PB 0x000000064ec00000| Untracked 
| 316|0x000000064f000000, 0x000000064f000000, 0x000000064f400000|  0%| F|  |TAMS 0x000000064f000000| PB 0x000000064f000000| Untracked 
| 317|0x000000064f400000, 0x000000064f400000, 0x000000064f800000|  0%| F|  |TAMS 0x000000064f400000| PB 0x000000064f400000| Untracked 
| 318|0x000000064f800000, 0x000000064f800000, 0x000000064fc00000|  0%| F|  |TAMS 0x000000064f800000| PB 0x000000064f800000| Untracked 
| 319|0x000000064fc00000, 0x000000064fc00000, 0x0000000650000000|  0%| F|  |TAMS 0x000000064fc00000| PB 0x000000064fc00000| Untracked 
| 320|0x0000000650000000, 0x0000000650000000, 0x0000000650400000|  0%| F|  |TAMS 0x0000000650000000| PB 0x0000000650000000| Untracked 
| 321|0x0000000650400000, 0x0000000650400000, 0x0000000650800000|  0%| F|  |TAMS 0x0000000650400000| PB 0x0000000650400000| Untracked 
| 322|0x0000000650800000, 0x0000000650800000, 0x0000000650c00000|  0%| F|  |TAMS 0x0000000650800000| PB 0x0000000650800000| Untracked 
| 323|0x0000000650c00000, 0x0000000650c00000, 0x0000000651000000|  0%| F|  |TAMS 0x0000000650c00000| PB 0x0000000650c00000| Untracked 
| 324|0x0000000651000000, 0x0000000651000000, 0x0000000651400000|  0%| F|  |TAMS 0x0000000651000000| PB 0x0000000651000000| Untracked 
| 325|0x0000000651400000, 0x0000000651400000, 0x0000000651800000|  0%| F|  |TAMS 0x0000000651400000| PB 0x0000000651400000| Untracked 
| 326|0x0000000651800000, 0x0000000651800000, 0x0000000651c00000|  0%| F|  |TAMS 0x0000000651800000| PB 0x0000000651800000| Untracked 
| 327|0x0000000651c00000, 0x0000000651c00000, 0x0000000652000000|  0%| F|  |TAMS 0x0000000651c00000| PB 0x0000000651c00000| Untracked 
| 328|0x0000000652000000, 0x0000000652000000, 0x0000000652400000|  0%| F|  |TAMS 0x0000000652000000| PB 0x0000000652000000| Untracked 
| 329|0x0000000652400000, 0x0000000652400000, 0x0000000652800000|  0%| F|  |TAMS 0x0000000652400000| PB 0x0000000652400000| Untracked 
| 330|0x0000000652800000, 0x0000000652800000, 0x0000000652c00000|  0%| F|  |TAMS 0x0000000652800000| PB 0x0000000652800000| Untracked 
| 331|0x0000000652c00000, 0x0000000652c00000, 0x0000000653000000|  0%| F|  |TAMS 0x0000000652c00000| PB 0x0000000652c00000| Untracked 
| 332|0x0000000653000000, 0x0000000653000000, 0x0000000653400000|  0%| F|  |TAMS 0x0000000653000000| PB 0x0000000653000000| Untracked 
| 333|0x0000000653400000, 0x0000000653400000, 0x0000000653800000|  0%| F|  |TAMS 0x0000000653400000| PB 0x0000000653400000| Untracked 
| 334|0x0000000653800000, 0x0000000653800000, 0x0000000653c00000|  0%| F|  |TAMS 0x0000000653800000| PB 0x0000000653800000| Untracked 
| 335|0x0000000653c00000, 0x0000000653c00000, 0x0000000654000000|  0%| F|  |TAMS 0x0000000653c00000| PB 0x0000000653c00000| Untracked 
| 336|0x0000000654000000, 0x0000000654000000, 0x0000000654400000|  0%| F|  |TAMS 0x0000000654000000| PB 0x0000000654000000| Untracked 
| 337|0x0000000654400000, 0x0000000654400000, 0x0000000654800000|  0%| F|  |TAMS 0x0000000654400000| PB 0x0000000654400000| Untracked 
| 338|0x0000000654800000, 0x0000000654800000, 0x0000000654c00000|  0%| F|  |TAMS 0x0000000654800000| PB 0x0000000654800000| Untracked 
| 339|0x0000000654c00000, 0x0000000654c00000, 0x0000000655000000|  0%| F|  |TAMS 0x0000000654c00000| PB 0x0000000654c00000| Untracked 
| 340|0x0000000655000000, 0x0000000655000000, 0x0000000655400000|  0%| F|  |TAMS 0x0000000655000000| PB 0x0000000655000000| Untracked 
| 341|0x0000000655400000, 0x0000000655400000, 0x0000000655800000|  0%| F|  |TAMS 0x0000000655400000| PB 0x0000000655400000| Untracked 
| 342|0x0000000655800000, 0x0000000655800000, 0x0000000655c00000|  0%| F|  |TAMS 0x0000000655800000| PB 0x0000000655800000| Untracked 
| 343|0x0000000655c00000, 0x0000000655c00000, 0x0000000656000000|  0%| F|  |TAMS 0x0000000655c00000| PB 0x0000000655c00000| Untracked 
| 344|0x0000000656000000, 0x0000000656000000, 0x0000000656400000|  0%| F|  |TAMS 0x0000000656000000| PB 0x0000000656000000| Untracked 
| 345|0x0000000656400000, 0x0000000656400000, 0x0000000656800000|  0%| F|  |TAMS 0x0000000656400000| PB 0x0000000656400000| Untracked 
| 346|0x0000000656800000, 0x0000000656a00000, 0x0000000656c00000| 50%| E|  |TAMS 0x0000000656800000| PB 0x0000000656800000| Complete 
| 347|0x0000000656c00000, 0x0000000657000000, 0x0000000657000000|100%| E|CS|TAMS 0x0000000656c00000| PB 0x0000000656c00000| Complete 
| 348|0x0000000657000000, 0x0000000657400000, 0x0000000657400000|100%| E|CS|TAMS 0x0000000657000000| PB 0x0000000657000000| Complete 
| 349|0x0000000657400000, 0x0000000657800000, 0x0000000657800000|100%| E|CS|TAMS 0x0000000657400000| PB 0x0000000657400000| Complete 
| 350|0x0000000657800000, 0x0000000657c00000, 0x0000000657c00000|100%| E|CS|TAMS 0x0000000657800000| PB 0x0000000657800000| Complete 
| 351|0x0000000657c00000, 0x0000000658000000, 0x0000000658000000|100%| E|CS|TAMS 0x0000000657c00000| PB 0x0000000657c00000| Complete 
| 352|0x0000000658000000, 0x0000000658400000, 0x0000000658400000|100%| E|CS|TAMS 0x0000000658000000| PB 0x0000000658000000| Complete 
| 353|0x0000000658400000, 0x0000000658800000, 0x0000000658800000|100%| E|CS|TAMS 0x0000000658400000| PB 0x0000000658400000| Complete 
| 354|0x0000000658800000, 0x0000000658c00000, 0x0000000658c00000|100%| E|CS|TAMS 0x0000000658800000| PB 0x0000000658800000| Complete 
| 355|0x0000000658c00000, 0x0000000659000000, 0x0000000659000000|100%| E|CS|TAMS 0x0000000658c00000| PB 0x0000000658c00000| Complete 
| 356|0x0000000659000000, 0x0000000659400000, 0x0000000659400000|100%| E|CS|TAMS 0x0000000659000000| PB 0x0000000659000000| Complete 
| 357|0x0000000659400000, 0x0000000659800000, 0x0000000659800000|100%| E|CS|TAMS 0x0000000659400000| PB 0x0000000659400000| Complete 
| 358|0x0000000659800000, 0x0000000659c00000, 0x0000000659c00000|100%| E|CS|TAMS 0x0000000659800000| PB 0x0000000659800000| Complete 
| 359|0x0000000659c00000, 0x000000065a000000, 0x000000065a000000|100%| E|CS|TAMS 0x0000000659c00000| PB 0x0000000659c00000| Complete 
| 360|0x000000065a000000, 0x000000065a400000, 0x000000065a400000|100%| E|CS|TAMS 0x000000065a000000| PB 0x000000065a000000| Complete 
| 361|0x000000065a400000, 0x000000065a800000, 0x000000065a800000|100%| E|CS|TAMS 0x000000065a400000| PB 0x000000065a400000| Complete 
| 362|0x000000065a800000, 0x000000065ac00000, 0x000000065ac00000|100%| E|CS|TAMS 0x000000065a800000| PB 0x000000065a800000| Complete 
| 363|0x000000065ac00000, 0x000000065b000000, 0x000000065b000000|100%| E|CS|TAMS 0x000000065ac00000| PB 0x000000065ac00000| Complete 
| 364|0x000000065b000000, 0x000000065b400000, 0x000000065b400000|100%| E|CS|TAMS 0x000000065b000000| PB 0x000000065b000000| Complete 
| 365|0x000000065b400000, 0x000000065b800000, 0x000000065b800000|100%| E|CS|TAMS 0x000000065b400000| PB 0x000000065b400000| Complete 
| 366|0x000000065b800000, 0x000000065bc00000, 0x000000065bc00000|100%| E|CS|TAMS 0x000000065b800000| PB 0x000000065b800000| Complete 
| 367|0x000000065bc00000, 0x000000065c000000, 0x000000065c000000|100%| E|CS|TAMS 0x000000065bc00000| PB 0x000000065bc00000| Complete 
| 368|0x000000065c000000, 0x000000065c400000, 0x000000065c400000|100%| E|CS|TAMS 0x000000065c000000| PB 0x000000065c000000| Complete 
| 369|0x000000065c400000, 0x000000065c800000, 0x000000065c800000|100%| E|CS|TAMS 0x000000065c400000| PB 0x000000065c400000| Complete 
| 370|0x000000065c800000, 0x000000065cc00000, 0x000000065cc00000|100%| E|CS|TAMS 0x000000065c800000| PB 0x000000065c800000| Complete 
| 371|0x000000065cc00000, 0x000000065d000000, 0x000000065d000000|100%| E|CS|TAMS 0x000000065cc00000| PB 0x000000065cc00000| Complete 
| 372|0x000000065d000000, 0x000000065d400000, 0x000000065d400000|100%| E|CS|TAMS 0x000000065d000000| PB 0x000000065d000000| Complete 
| 373|0x000000065d400000, 0x000000065d800000, 0x000000065d800000|100%| E|CS|TAMS 0x000000065d400000| PB 0x000000065d400000| Complete 
| 374|0x000000065d800000, 0x000000065dc00000, 0x000000065dc00000|100%| E|CS|TAMS 0x000000065d800000| PB 0x000000065d800000| Complete 
| 375|0x000000065dc00000, 0x000000065e000000, 0x000000065e000000|100%| E|CS|TAMS 0x000000065dc00000| PB 0x000000065dc00000| Complete 
| 376|0x000000065e000000, 0x000000065e400000, 0x000000065e400000|100%| E|CS|TAMS 0x000000065e000000| PB 0x000000065e000000| Complete 
| 377|0x000000065e400000, 0x000000065e800000, 0x000000065e800000|100%| E|CS|TAMS 0x000000065e400000| PB 0x000000065e400000| Complete 
| 378|0x000000065e800000, 0x000000065ec00000, 0x000000065ec00000|100%| E|CS|TAMS 0x000000065e800000| PB 0x000000065e800000| Complete 
| 379|0x000000065ec00000, 0x000000065f000000, 0x000000065f000000|100%| E|CS|TAMS 0x000000065ec00000| PB 0x000000065ec00000| Complete 
| 380|0x000000065f000000, 0x000000065f400000, 0x000000065f400000|100%| E|CS|TAMS 0x000000065f000000| PB 0x000000065f000000| Complete 
| 381|0x000000065f400000, 0x000000065f800000, 0x000000065f800000|100%| E|CS|TAMS 0x000000065f400000| PB 0x000000065f400000| Complete 
| 382|0x000000065f800000, 0x000000065fc00000, 0x000000065fc00000|100%| E|CS|TAMS 0x000000065f800000| PB 0x000000065f800000| Complete 
| 383|0x000000065fc00000, 0x0000000660000000, 0x0000000660000000|100%| E|CS|TAMS 0x000000065fc00000| PB 0x000000065fc00000| Complete 
| 384|0x0000000660000000, 0x0000000660400000, 0x0000000660400000|100%| E|CS|TAMS 0x0000000660000000| PB 0x0000000660000000| Complete 
| 385|0x0000000660400000, 0x0000000660800000, 0x0000000660800000|100%| E|CS|TAMS 0x0000000660400000| PB 0x0000000660400000| Complete 
| 386|0x0000000660800000, 0x0000000660c00000, 0x0000000660c00000|100%| E|CS|TAMS 0x0000000660800000| PB 0x0000000660800000| Complete 
| 387|0x0000000660c00000, 0x0000000661000000, 0x0000000661000000|100%| E|CS|TAMS 0x0000000660c00000| PB 0x0000000660c00000| Complete 
| 388|0x0000000661000000, 0x0000000661400000, 0x0000000661400000|100%| E|CS|TAMS 0x0000000661000000| PB 0x0000000661000000| Complete 
| 389|0x0000000661400000, 0x0000000661800000, 0x0000000661800000|100%| E|CS|TAMS 0x0000000661400000| PB 0x0000000661400000| Complete 
| 390|0x0000000661800000, 0x0000000661c00000, 0x0000000661c00000|100%| E|CS|TAMS 0x0000000661800000| PB 0x0000000661800000| Complete 
| 391|0x0000000661c00000, 0x0000000662000000, 0x0000000662000000|100%| E|CS|TAMS 0x0000000661c00000| PB 0x0000000661c00000| Complete 
| 392|0x0000000662000000, 0x0000000662400000, 0x0000000662400000|100%| E|CS|TAMS 0x0000000662000000| PB 0x0000000662000000| Complete 
| 393|0x0000000662400000, 0x0000000662800000, 0x0000000662800000|100%| E|CS|TAMS 0x0000000662400000| PB 0x0000000662400000| Complete 
| 394|0x0000000662800000, 0x0000000662c00000, 0x0000000662c00000|100%| E|CS|TAMS 0x0000000662800000| PB 0x0000000662800000| Complete 
| 395|0x0000000662c00000, 0x0000000663000000, 0x0000000663000000|100%| E|CS|TAMS 0x0000000662c00000| PB 0x0000000662c00000| Complete 
| 396|0x0000000663000000, 0x0000000663400000, 0x0000000663400000|100%| E|CS|TAMS 0x0000000663000000| PB 0x0000000663000000| Complete 
| 397|0x0000000663400000, 0x0000000663800000, 0x0000000663800000|100%| E|CS|TAMS 0x0000000663400000| PB 0x0000000663400000| Complete 
| 398|0x0000000663800000, 0x0000000663c00000, 0x0000000663c00000|100%| E|CS|TAMS 0x0000000663800000| PB 0x0000000663800000| Complete 
| 399|0x0000000663c00000, 0x0000000664000000, 0x0000000664000000|100%| E|CS|TAMS 0x0000000663c00000| PB 0x0000000663c00000| Complete 
| 400|0x0000000664000000, 0x0000000664400000, 0x0000000664400000|100%| E|CS|TAMS 0x0000000664000000| PB 0x0000000664000000| Complete 
| 401|0x0000000664400000, 0x0000000664800000, 0x0000000664800000|100%| E|CS|TAMS 0x0000000664400000| PB 0x0000000664400000| Complete 
| 402|0x0000000664800000, 0x0000000664c00000, 0x0000000664c00000|100%| E|CS|TAMS 0x0000000664800000| PB 0x0000000664800000| Complete 
| 403|0x0000000664c00000, 0x0000000665000000, 0x0000000665000000|100%| E|CS|TAMS 0x0000000664c00000| PB 0x0000000664c00000| Complete 
| 404|0x0000000665000000, 0x0000000665400000, 0x0000000665400000|100%| E|CS|TAMS 0x0000000665000000| PB 0x0000000665000000| Complete 
| 405|0x0000000665400000, 0x0000000665800000, 0x0000000665800000|100%| E|CS|TAMS 0x0000000665400000| PB 0x0000000665400000| Complete 
| 406|0x0000000665800000, 0x0000000665c00000, 0x0000000665c00000|100%| E|CS|TAMS 0x0000000665800000| PB 0x0000000665800000| Complete 
| 407|0x0000000665c00000, 0x0000000666000000, 0x0000000666000000|100%| E|CS|TAMS 0x0000000665c00000| PB 0x0000000665c00000| Complete 
| 408|0x0000000666000000, 0x0000000666400000, 0x0000000666400000|100%| E|CS|TAMS 0x0000000666000000| PB 0x0000000666000000| Complete 
| 409|0x0000000666400000, 0x0000000666800000, 0x0000000666800000|100%| E|CS|TAMS 0x0000000666400000| PB 0x0000000666400000| Complete 
| 410|0x0000000666800000, 0x0000000666c00000, 0x0000000666c00000|100%| E|CS|TAMS 0x0000000666800000| PB 0x0000000666800000| Complete 
| 411|0x0000000666c00000, 0x0000000667000000, 0x0000000667000000|100%| E|CS|TAMS 0x0000000666c00000| PB 0x0000000666c00000| Complete 
| 412|0x0000000667000000, 0x0000000667400000, 0x0000000667400000|100%| E|CS|TAMS 0x0000000667000000| PB 0x0000000667000000| Complete 
| 413|0x0000000667400000, 0x0000000667800000, 0x0000000667800000|100%| E|CS|TAMS 0x0000000667400000| PB 0x0000000667400000| Complete 
| 414|0x0000000667800000, 0x0000000667c00000, 0x0000000667c00000|100%| E|CS|TAMS 0x0000000667800000| PB 0x0000000667800000| Complete 
| 415|0x0000000667c00000, 0x0000000668000000, 0x0000000668000000|100%| E|CS|TAMS 0x0000000667c00000| PB 0x0000000667c00000| Complete 
| 416|0x0000000668000000, 0x0000000668400000, 0x0000000668400000|100%| E|CS|TAMS 0x0000000668000000| PB 0x0000000668000000| Complete 
| 417|0x0000000668400000, 0x0000000668800000, 0x0000000668800000|100%| E|CS|TAMS 0x0000000668400000| PB 0x0000000668400000| Complete 
| 418|0x0000000668800000, 0x0000000668c00000, 0x0000000668c00000|100%| E|CS|TAMS 0x0000000668800000| PB 0x0000000668800000| Complete 
| 419|0x0000000668c00000, 0x0000000669000000, 0x0000000669000000|100%| E|CS|TAMS 0x0000000668c00000| PB 0x0000000668c00000| Complete 
| 420|0x0000000669000000, 0x0000000669400000, 0x0000000669400000|100%| E|CS|TAMS 0x0000000669000000| PB 0x0000000669000000| Complete 
| 421|0x0000000669400000, 0x0000000669800000, 0x0000000669800000|100%| E|CS|TAMS 0x0000000669400000| PB 0x0000000669400000| Complete 
| 422|0x0000000669800000, 0x0000000669c00000, 0x0000000669c00000|100%| E|CS|TAMS 0x0000000669800000| PB 0x0000000669800000| Complete 
| 423|0x0000000669c00000, 0x000000066a000000, 0x000000066a000000|100%| E|CS|TAMS 0x0000000669c00000| PB 0x0000000669c00000| Complete 
| 424|0x000000066a000000, 0x000000066a400000, 0x000000066a400000|100%| E|CS|TAMS 0x000000066a000000| PB 0x000000066a000000| Complete 
| 425|0x000000066a400000, 0x000000066a800000, 0x000000066a800000|100%| E|CS|TAMS 0x000000066a400000| PB 0x000000066a400000| Complete 
| 426|0x000000066a800000, 0x000000066ac00000, 0x000000066ac00000|100%| E|CS|TAMS 0x000000066a800000| PB 0x000000066a800000| Complete 
| 427|0x000000066ac00000, 0x000000066b000000, 0x000000066b000000|100%| E|CS|TAMS 0x000000066ac00000| PB 0x000000066ac00000| Complete 
| 428|0x000000066b000000, 0x000000066b400000, 0x000000066b400000|100%| E|CS|TAMS 0x000000066b000000| PB 0x000000066b000000| Complete 
| 429|0x000000066b400000, 0x000000066b800000, 0x000000066b800000|100%| E|CS|TAMS 0x000000066b400000| PB 0x000000066b400000| Complete 
| 430|0x000000066b800000, 0x000000066bc00000, 0x000000066bc00000|100%| E|CS|TAMS 0x000000066b800000| PB 0x000000066b800000| Complete 
| 431|0x000000066bc00000, 0x000000066c000000, 0x000000066c000000|100%| E|CS|TAMS 0x000000066bc00000| PB 0x000000066bc00000| Complete 
| 432|0x000000066c000000, 0x000000066c400000, 0x000000066c400000|100%| E|CS|TAMS 0x000000066c000000| PB 0x000000066c000000| Complete 
| 433|0x000000066c400000, 0x000000066c800000, 0x000000066c800000|100%| E|CS|TAMS 0x000000066c400000| PB 0x000000066c400000| Complete 
| 434|0x000000066c800000, 0x000000066cc00000, 0x000000066cc00000|100%| E|CS|TAMS 0x000000066c800000| PB 0x000000066c800000| Complete 
| 435|0x000000066cc00000, 0x000000066d000000, 0x000000066d000000|100%| E|CS|TAMS 0x000000066cc00000| PB 0x000000066cc00000| Complete 
| 436|0x000000066d000000, 0x000000066d400000, 0x000000066d400000|100%| E|CS|TAMS 0x000000066d000000| PB 0x000000066d000000| Complete 
| 437|0x000000066d400000, 0x000000066d800000, 0x000000066d800000|100%| E|CS|TAMS 0x000000066d400000| PB 0x000000066d400000| Complete 
| 438|0x000000066d800000, 0x000000066dc00000, 0x000000066dc00000|100%| E|CS|TAMS 0x000000066d800000| PB 0x000000066d800000| Complete 
| 439|0x000000066dc00000, 0x000000066e000000, 0x000000066e000000|100%| E|CS|TAMS 0x000000066dc00000| PB 0x000000066dc00000| Complete 
| 440|0x000000066e000000, 0x000000066e400000, 0x000000066e400000|100%| E|CS|TAMS 0x000000066e000000| PB 0x000000066e000000| Complete 
| 441|0x000000066e400000, 0x000000066e800000, 0x000000066e800000|100%| E|CS|TAMS 0x000000066e400000| PB 0x000000066e400000| Complete 
| 442|0x000000066e800000, 0x000000066ec00000, 0x000000066ec00000|100%| E|CS|TAMS 0x000000066e800000| PB 0x000000066e800000| Complete 
| 443|0x000000066ec00000, 0x000000066f000000, 0x000000066f000000|100%| E|CS|TAMS 0x000000066ec00000| PB 0x000000066ec00000| Complete 
| 444|0x000000066f000000, 0x000000066f400000, 0x000000066f400000|100%| E|CS|TAMS 0x000000066f000000| PB 0x000000066f000000| Complete 
| 445|0x000000066f400000, 0x000000066f800000, 0x000000066f800000|100%| E|CS|TAMS 0x000000066f400000| PB 0x000000066f400000| Complete 
| 446|0x000000066f800000, 0x000000066fc00000, 0x000000066fc00000|100%| E|CS|TAMS 0x000000066f800000| PB 0x000000066f800000| Complete 
| 447|0x000000066fc00000, 0x0000000670000000, 0x0000000670000000|100%| E|CS|TAMS 0x000000066fc00000| PB 0x000000066fc00000| Complete 
| 448|0x0000000670000000, 0x0000000670400000, 0x0000000670400000|100%| E|CS|TAMS 0x0000000670000000| PB 0x0000000670000000| Complete 
| 449|0x0000000670400000, 0x0000000670800000, 0x0000000670800000|100%| E|CS|TAMS 0x0000000670400000| PB 0x0000000670400000| Complete 
| 450|0x0000000670800000, 0x0000000670c00000, 0x0000000670c00000|100%| E|CS|TAMS 0x0000000670800000| PB 0x0000000670800000| Complete 
| 451|0x0000000670c00000, 0x0000000671000000, 0x0000000671000000|100%| E|CS|TAMS 0x0000000670c00000| PB 0x0000000670c00000| Complete 
| 452|0x0000000671000000, 0x0000000671400000, 0x0000000671400000|100%| E|CS|TAMS 0x0000000671000000| PB 0x0000000671000000| Complete 
| 453|0x0000000671400000, 0x0000000671800000, 0x0000000671800000|100%| E|CS|TAMS 0x0000000671400000| PB 0x0000000671400000| Complete 
| 454|0x0000000671800000, 0x0000000671c00000, 0x0000000671c00000|100%| E|CS|TAMS 0x0000000671800000| PB 0x0000000671800000| Complete 
| 455|0x0000000671c00000, 0x0000000672000000, 0x0000000672000000|100%| E|CS|TAMS 0x0000000671c00000| PB 0x0000000671c00000| Complete 
| 456|0x0000000672000000, 0x0000000672400000, 0x0000000672400000|100%| E|CS|TAMS 0x0000000672000000| PB 0x0000000672000000| Complete 
| 457|0x0000000672400000, 0x0000000672800000, 0x0000000672800000|100%| E|CS|TAMS 0x0000000672400000| PB 0x0000000672400000| Complete 
| 458|0x0000000672800000, 0x0000000672c00000, 0x0000000672c00000|100%| E|CS|TAMS 0x0000000672800000| PB 0x0000000672800000| Complete 
| 459|0x0000000672c00000, 0x0000000673000000, 0x0000000673000000|100%| E|CS|TAMS 0x0000000672c00000| PB 0x0000000672c00000| Complete 
| 460|0x0000000673000000, 0x0000000673400000, 0x0000000673400000|100%| E|CS|TAMS 0x0000000673000000| PB 0x0000000673000000| Complete 
| 461|0x0000000673400000, 0x0000000673800000, 0x0000000673800000|100%| E|CS|TAMS 0x0000000673400000| PB 0x0000000673400000| Complete 
| 462|0x0000000673800000, 0x0000000673c00000, 0x0000000673c00000|100%| E|CS|TAMS 0x0000000673800000| PB 0x0000000673800000| Complete 
| 463|0x0000000673c00000, 0x0000000674000000, 0x0000000674000000|100%| E|CS|TAMS 0x0000000673c00000| PB 0x0000000673c00000| Complete 
| 464|0x0000000674000000, 0x0000000674400000, 0x0000000674400000|100%| E|CS|TAMS 0x0000000674000000| PB 0x0000000674000000| Complete 
| 465|0x0000000674400000, 0x0000000674800000, 0x0000000674800000|100%| E|CS|TAMS 0x0000000674400000| PB 0x0000000674400000| Complete 
| 466|0x0000000674800000, 0x0000000674c00000, 0x0000000674c00000|100%| E|CS|TAMS 0x0000000674800000| PB 0x0000000674800000| Complete 
| 467|0x0000000674c00000, 0x0000000675000000, 0x0000000675000000|100%| E|CS|TAMS 0x0000000674c00000| PB 0x0000000674c00000| Complete 
| 468|0x0000000675000000, 0x0000000675400000, 0x0000000675400000|100%| E|CS|TAMS 0x0000000675000000| PB 0x0000000675000000| Complete 
| 469|0x0000000675400000, 0x0000000675800000, 0x0000000675800000|100%| E|CS|TAMS 0x0000000675400000| PB 0x0000000675400000| Complete 
| 470|0x0000000675800000, 0x0000000675c00000, 0x0000000675c00000|100%| E|CS|TAMS 0x0000000675800000| PB 0x0000000675800000| Complete 
| 471|0x0000000675c00000, 0x0000000676000000, 0x0000000676000000|100%| E|CS|TAMS 0x0000000675c00000| PB 0x0000000675c00000| Complete 
| 472|0x0000000676000000, 0x0000000676400000, 0x0000000676400000|100%| E|CS|TAMS 0x0000000676000000| PB 0x0000000676000000| Complete 
| 473|0x0000000676400000, 0x0000000676800000, 0x0000000676800000|100%| E|CS|TAMS 0x0000000676400000| PB 0x0000000676400000| Complete 
| 474|0x0000000676800000, 0x0000000676c00000, 0x0000000676c00000|100%| E|CS|TAMS 0x0000000676800000| PB 0x0000000676800000| Complete 
| 475|0x0000000676c00000, 0x0000000677000000, 0x0000000677000000|100%| E|CS|TAMS 0x0000000676c00000| PB 0x0000000676c00000| Complete 
| 476|0x0000000677000000, 0x0000000677400000, 0x0000000677400000|100%| E|CS|TAMS 0x0000000677000000| PB 0x0000000677000000| Complete 
| 477|0x0000000677400000, 0x0000000677800000, 0x0000000677800000|100%| E|CS|TAMS 0x0000000677400000| PB 0x0000000677400000| Complete 
| 478|0x0000000677800000, 0x0000000677c00000, 0x0000000677c00000|100%| E|CS|TAMS 0x0000000677800000| PB 0x0000000677800000| Complete 
| 479|0x0000000677c00000, 0x0000000678000000, 0x0000000678000000|100%| E|CS|TAMS 0x0000000677c00000| PB 0x0000000677c00000| Complete 
| 480|0x0000000678000000, 0x0000000678400000, 0x0000000678400000|100%| E|CS|TAMS 0x0000000678000000| PB 0x0000000678000000| Complete 
| 481|0x0000000678400000, 0x0000000678800000, 0x0000000678800000|100%| E|CS|TAMS 0x0000000678400000| PB 0x0000000678400000| Complete 
| 482|0x0000000678800000, 0x0000000678c00000, 0x0000000678c00000|100%| E|CS|TAMS 0x0000000678800000| PB 0x0000000678800000| Complete 
| 483|0x0000000678c00000, 0x0000000679000000, 0x0000000679000000|100%| E|CS|TAMS 0x0000000678c00000| PB 0x0000000678c00000| Complete 
| 484|0x0000000679000000, 0x0000000679400000, 0x0000000679400000|100%| E|CS|TAMS 0x0000000679000000| PB 0x0000000679000000| Complete 
| 485|0x0000000679400000, 0x0000000679800000, 0x0000000679800000|100%| E|CS|TAMS 0x0000000679400000| PB 0x0000000679400000| Complete 
| 486|0x0000000679800000, 0x0000000679c00000, 0x0000000679c00000|100%| E|CS|TAMS 0x0000000679800000| PB 0x0000000679800000| Complete 
| 487|0x0000000679c00000, 0x000000067a000000, 0x000000067a000000|100%| E|CS|TAMS 0x0000000679c00000| PB 0x0000000679c00000| Complete 
| 488|0x000000067a000000, 0x000000067a400000, 0x000000067a400000|100%| E|CS|TAMS 0x000000067a000000| PB 0x000000067a000000| Complete 
| 489|0x000000067a400000, 0x000000067a800000, 0x000000067a800000|100%| E|CS|TAMS 0x000000067a400000| PB 0x000000067a400000| Complete 
| 490|0x000000067a800000, 0x000000067ac00000, 0x000000067ac00000|100%| E|CS|TAMS 0x000000067a800000| PB 0x000000067a800000| Complete 
| 491|0x000000067ac00000, 0x000000067b000000, 0x000000067b000000|100%| E|CS|TAMS 0x000000067ac00000| PB 0x000000067ac00000| Complete 
| 492|0x000000067b000000, 0x000000067b400000, 0x000000067b400000|100%| E|CS|TAMS 0x000000067b000000| PB 0x000000067b000000| Complete 
| 493|0x000000067b400000, 0x000000067b800000, 0x000000067b800000|100%| E|CS|TAMS 0x000000067b400000| PB 0x000000067b400000| Complete 
| 494|0x000000067b800000, 0x000000067bc00000, 0x000000067bc00000|100%| E|CS|TAMS 0x000000067b800000| PB 0x000000067b800000| Complete 
| 495|0x000000067bc00000, 0x000000067c000000, 0x000000067c000000|100%| E|CS|TAMS 0x000000067bc00000| PB 0x000000067bc00000| Complete 
| 496|0x000000067c000000, 0x000000067c400000, 0x000000067c400000|100%| E|CS|TAMS 0x000000067c000000| PB 0x000000067c000000| Complete 
| 497|0x000000067c400000, 0x000000067c800000, 0x000000067c800000|100%| E|CS|TAMS 0x000000067c400000| PB 0x000000067c400000| Complete 
| 498|0x000000067c800000, 0x000000067cc00000, 0x000000067cc00000|100%| E|CS|TAMS 0x000000067c800000| PB 0x000000067c800000| Complete 
| 499|0x000000067cc00000, 0x000000067d000000, 0x000000067d000000|100%| E|CS|TAMS 0x000000067cc00000| PB 0x000000067cc00000| Complete 
| 500|0x000000067d000000, 0x000000067d400000, 0x000000067d400000|100%| E|CS|TAMS 0x000000067d000000| PB 0x000000067d000000| Complete 
| 501|0x000000067d400000, 0x000000067d800000, 0x000000067d800000|100%| E|CS|TAMS 0x000000067d400000| PB 0x000000067d400000| Complete 
| 502|0x000000067d800000, 0x000000067dc00000, 0x000000067dc00000|100%| E|CS|TAMS 0x000000067d800000| PB 0x000000067d800000| Complete 
| 503|0x000000067dc00000, 0x000000067e000000, 0x000000067e000000|100%| E|CS|TAMS 0x000000067dc00000| PB 0x000000067dc00000| Complete 
| 504|0x000000067e000000, 0x000000067e400000, 0x000000067e400000|100%| E|CS|TAMS 0x000000067e000000| PB 0x000000067e000000| Complete 
| 505|0x000000067e400000, 0x000000067e800000, 0x000000067e800000|100%| E|CS|TAMS 0x000000067e400000| PB 0x000000067e400000| Complete 
| 506|0x000000067e800000, 0x000000067ec00000, 0x000000067ec00000|100%| E|CS|TAMS 0x000000067e800000| PB 0x000000067e800000| Complete 
| 507|0x000000067ec00000, 0x000000067f000000, 0x000000067f000000|100%| E|CS|TAMS 0x000000067ec00000| PB 0x000000067ec00000| Complete 
| 508|0x000000067f000000, 0x000000067f400000, 0x000000067f400000|100%| E|CS|TAMS 0x000000067f000000| PB 0x000000067f000000| Complete 
| 509|0x000000067f400000, 0x000000067f800000, 0x000000067f800000|100%| E|CS|TAMS 0x000000067f400000| PB 0x000000067f400000| Complete 
| 510|0x000000067f800000, 0x000000067fc00000, 0x000000067fc00000|100%| E|CS|TAMS 0x000000067f800000| PB 0x000000067f800000| Complete 
| 511|0x000000067fc00000, 0x0000000680000000, 0x0000000680000000|100%| E|CS|TAMS 0x000000067fc00000| PB 0x000000067fc00000| Complete 
| 512|0x0000000680000000, 0x0000000680400000, 0x0000000680400000|100%| E|CS|TAMS 0x0000000680000000| PB 0x0000000680000000| Complete 
| 513|0x0000000680400000, 0x0000000680800000, 0x0000000680800000|100%| E|CS|TAMS 0x0000000680400000| PB 0x0000000680400000| Complete 
| 514|0x0000000680800000, 0x0000000680c00000, 0x0000000680c00000|100%| E|CS|TAMS 0x0000000680800000| PB 0x0000000680800000| Complete 
| 515|0x0000000680c00000, 0x0000000681000000, 0x0000000681000000|100%| E|CS|TAMS 0x0000000680c00000| PB 0x0000000680c00000| Complete 

Card table byte_map: [0x000001f9b4c50000,0x000001f9b5c50000] _byte_map_base: 0x000001f9b1c50000

Marking Bits: (CMBitMap*) 0x000001f9a0e06d70
 Bits: [0x000001f9b5c50000, 0x000001f9bdc50000)

Polling page: 0x000001f99ead0000

Metaspace:

Usage:
  Non-class:     60.98 MB used.
      Class:      7.68 MB used.
       Both:     68.66 MB used.

Virtual space:
  Non-class space:       64.00 MB reserved,      61.56 MB ( 96%) committed,  1 nodes.
      Class space:        1.00 GB reserved,       8.12 MB ( <1%) committed,  1 nodes.
             Both:        1.06 GB reserved,      69.69 MB (  6%) committed. 

Chunk freelists:
   Non-Class:  2.36 MB
       Class:  7.81 MB
        Both:  10.17 MB

MaxMetaspaceSize: unlimited
CompressedClassSpaceSize: 1.00 GB
Initial GC threshold: 21.00 MB
Current GC threshold: 109.38 MB
CDS: off
 - commit_granule_bytes: 65536.
 - commit_granule_words: 8192.
 - virtual_space_node_default_size: 8388608.
 - enlarge_chunks_in_place: 1.
 - use_allocation_guard: 0.


Internal statistics:

num_allocs_failed_limit: 6.
num_arena_births: 1696.
num_arena_deaths: 142.
num_vsnodes_births: 2.
num_vsnodes_deaths: 0.
num_space_committed: 1108.
num_space_uncommitted: 0.
num_chunks_returned_to_freelist: 201.
num_chunks_taken_from_freelist: 4438.
num_chunk_merges: 81.
num_chunk_splits: 2696.
num_chunks_enlarged: 1528.
num_inconsistent_stats: 0.

CodeHeap 'non-profiled nmethods': size=120000Kb used=13218Kb max_used=13461Kb free=106781Kb
 bounds [0x000001f9ac3f0000, 0x000001f9ad120000, 0x000001f9b3920000]
CodeHeap 'profiled nmethods': size=120000Kb used=24937Kb max_used=25301Kb free=95063Kb
 bounds [0x000001f9a4920000, 0x000001f9a61e0000, 0x000001f9abe50000]
CodeHeap 'non-nmethods': size=5760Kb used=2641Kb max_used=2664Kb free=3119Kb
 bounds [0x000001f9abe50000, 0x000001f9ac100000, 0x000001f9ac3f0000]
 total_blobs=13667 nmethods=12166 adapters=1405
 compilation: enabled
              stopped_count=0, restarted_count=0
 full_count=0

Compilation events (20 events):
Event: 46.128 Thread 0x000001f9c0818880 14021       4       java.util.TreeMap::put (8 bytes)
Event: 46.129 Thread 0x000001f9c0818880 nmethod 14021 0x000001f9ac7adf10 code [0x000001f9ac7ae0a0, 0x000001f9ac7ae158]
Event: 46.129 Thread 0x000001f9c0818880 14025       4       org.objectweb.asm.tree.MethodInsnNode::<init> (28 bytes)
Event: 46.132 Thread 0x000001f9c0814f70 nmethod 14018 0x000001f9ac495710 code [0x000001f9ac495980, 0x000001f9ac4963f0]
Event: 46.133 Thread 0x000001f9c0818880 nmethod 14025 0x000001f9ac495110 code [0x000001f9ac4952a0, 0x000001f9ac495628]
Event: 46.338 Thread 0x000001f9c08181b0 nmethod 13960 0x000001f9ac883490 code [0x000001f9ac883de0, 0x000001f9ac88d6a0]
Event: 46.592 Thread 0x000001f9c0818f50 14035 %     2       org.objectweb.asm.tree.ClassNode::accept @ 647 (723 bytes)
Event: 46.594 Thread 0x000001f9c0818f50 nmethod 14035% 0x000001f9a55b9c10 code [0x000001f9a55ba100, 0x000001f9a55bb638]
Event: 46.624 Thread 0x000001f9c0814f70 14036       4       jdk.internal.org.objectweb.asm.MethodVisitor::<init> (78 bytes)
Event: 46.626 Thread 0x000001f9c0814f70 nmethod 14036 0x000001f9ac6e0990 code [0x000001f9ac6e0b20, 0x000001f9ac6e0cf8]
Event: 46.651 Thread 0x000001f9c0818f50 14037       3       com.bawnorton.mixinsquared.adjuster.tools.AdjustableAccessNode::setRemapper (6 bytes)
Event: 46.652 Thread 0x000001f9c0818f50 nmethod 14037 0x000001f9a4e5c310 code [0x000001f9a4e5c4c0, 0x000001f9a4e5c638]
Event: 46.652 Thread 0x000001f9c0818f50 14038       3       org.spongepowered.asm.mixin.gen.AccessorInfo::<init> (103 bytes)
Event: 46.654 Thread 0x000001f9c0818f50 nmethod 14038 0x000001f9a55eed90 code [0x000001f9a55ef0c0, 0x000001f9a55f0358]
Event: 46.654 Thread 0x000001f9c0818f50 14039       3       org.spongepowered.asm.mixin.injection.struct.MemberInfo::<init> (13 bytes)
Event: 46.654 Thread 0x000001f9c0818f50 nmethod 14039 0x000001f9a4a3d810 code [0x000001f9a4a3d9c0, 0x000001f9a4a3db20]
Event: 46.654 Thread 0x000001f9c0818f50 14040       3       org.spongepowered.asm.mixin.injection.struct.MemberInfo::toString (188 bytes)
Event: 46.656 Thread 0x000001f9c0818f50 nmethod 14040 0x000001f9a561b410 code [0x000001f9a561b7c0, 0x000001f9a561cab0]
Event: 46.665 Thread 0x000001f9c0818f50 14041       3       org.spongepowered.asm.mixin.transformer.MixinPreProcessorStandard::transformMemberReference (243 bytes)
Event: 46.667 Thread 0x000001f9c0818f50 nmethod 14041 0x000001f9a5452e90 code [0x000001f9a5453280, 0x000001f9a5454f78]

GC Heap History (20 events):
Event: 22.927 GC heap before
{Heap before GC invocations=23 (full 0):
 garbage-first heap   total 1056768K, used 964970K [0x0000000600000000, 0x0000000800000000)
  region size 4096K, 137 young (561152K), 7 survivors (28672K)
 Metaspace       used 43740K, committed 44416K, reserved 1114112K
  class space    used 4828K, committed 5120K, reserved 1048576K
}
Event: 22.947 GC heap after
{Heap after GC invocations=24 (full 0):
 garbage-first heap   total 1056768K, used 460450K [0x0000000600000000, 0x0000000800000000)
  region size 4096K, 12 young (49152K), 12 survivors (49152K)
 Metaspace       used 43740K, committed 44416K, reserved 1114112K
  class space    used 4828K, committed 5120K, reserved 1048576K
}
Event: 23.213 GC heap before
{Heap before GC invocations=24 (full 0):
 garbage-first heap   total 1056768K, used 943778K [0x0000000600000000, 0x0000000800000000)
  region size 4096K, 131 young (536576K), 12 survivors (49152K)
 Metaspace       used 43761K, committed 44416K, reserved 1114112K
  class space    used 4830K, committed 5120K, reserved 1048576K
}
Event: 23.244 GC heap after
{Heap after GC invocations=25 (full 0):
 garbage-first heap   total 1056768K, used 476795K [0x0000000600000000, 0x0000000800000000)
  region size 4096K, 13 young (53248K), 13 survivors (53248K)
 Metaspace       used 43761K, committed 44416K, reserved 1114112K
  class space    used 4830K, committed 5120K, reserved 1048576K
}
Event: 23.559 GC heap before
{Heap before GC invocations=26 (full 0):
 garbage-first heap   total 1056768K, used 943739K [0x0000000600000000, 0x0000000800000000)
  region size 4096K, 128 young (524288K), 13 survivors (53248K)
 Metaspace       used 43764K, committed 44416K, reserved 1114112K
  class space    used 4830K, committed 5120K, reserved 1048576K
}
Event: 23.585 GC heap after
{Heap after GC invocations=27 (full 0):
 garbage-first heap   total 1056768K, used 485741K [0x0000000600000000, 0x0000000800000000)
  region size 4096K, 7 young (28672K), 7 survivors (28672K)
 Metaspace       used 43764K, committed 44416K, reserved 1114112K
  class space    used 4830K, committed 5120K, reserved 1048576K
}
Event: 23.778 GC heap before
{Heap before GC invocations=27 (full 0):
 garbage-first heap   total 1056768K, used 964973K [0x0000000600000000, 0x0000000800000000)
  region size 4096K, 126 young (516096K), 7 survivors (28672K)
 Metaspace       used 43783K, committed 44480K, reserved 1114112K
  class space    used 4830K, committed 5120K, reserved 1048576K
}
Event: 23.793 GC heap after
{Heap after GC invocations=28 (full 0):
 garbage-first heap   total 2113536K, used 486371K [0x0000000600000000, 0x0000000800000000)
  region size 4096K, 8 young (32768K), 8 survivors (32768K)
 Metaspace       used 43783K, committed 44480K, reserved 1114112K
  class space    used 4830K, committed 5120K, reserved 1048576K
}
Event: 24.269 GC heap before
{Heap before GC invocations=28 (full 0):
 garbage-first heap   total 2113536K, used 1715171K [0x0000000600000000, 0x0000000800000000)
  region size 4096K, 309 young (1265664K), 8 survivors (32768K)
 Metaspace       used 43797K, committed 44480K, reserved 1114112K
  class space    used 4830K, committed 5120K, reserved 1048576K
}
Event: 24.289 GC heap after
{Heap after GC invocations=29 (full 0):
 garbage-first heap   total 2113536K, used 502729K [0x0000000600000000, 0x0000000800000000)
  region size 4096K, 12 young (49152K), 12 survivors (49152K)
 Metaspace       used 43797K, committed 44480K, reserved 1114112K
  class space    used 4830K, committed 5120K, reserved 1048576K
}
Event: 28.252 GC heap before
{Heap before GC invocations=29 (full 0):
 garbage-first heap   total 2113536K, used 1719241K [0x0000000600000000, 0x0000000800000000)
  region size 4096K, 309 young (1265664K), 12 survivors (49152K)
 Metaspace       used 43812K, committed 44544K, reserved 1114112K
  class space    used 4830K, committed 5120K, reserved 1048576K
}
Event: 28.275 GC heap after
{Heap after GC invocations=30 (full 0):
 garbage-first heap   total 2113536K, used 513275K [0x0000000600000000, 0x0000000800000000)
  region size 4096K, 14 young (57344K), 14 survivors (57344K)
 Metaspace       used 43812K, committed 44544K, reserved 1114112K
  class space    used 4830K, committed 5120K, reserved 1048576K
}
Event: 32.004 GC heap before
{Heap before GC invocations=30 (full 0):
 garbage-first heap   total 2113536K, used 1717499K [0x0000000600000000, 0x0000000800000000)
  region size 4096K, 309 young (1265664K), 14 survivors (57344K)
 Metaspace       used 51156K, committed 51968K, reserved 1114112K
  class space    used 5758K, committed 6144K, reserved 1048576K
}
Event: 32.046 GC heap after
{Heap after GC invocations=31 (full 0):
 garbage-first heap   total 2113536K, used 553795K [0x0000000600000000, 0x0000000800000000)
  region size 4096K, 24 young (98304K), 24 survivors (98304K)
 Metaspace       used 51156K, committed 51968K, reserved 1114112K
  class space    used 5758K, committed 6144K, reserved 1048576K
}
Event: 34.547 GC heap before
{Heap before GC invocations=31 (full 0):
 garbage-first heap   total 2113536K, used 1721155K [0x0000000600000000, 0x0000000800000000)
  region size 4096K, 309 young (1265664K), 24 survivors (98304K)
 Metaspace       used 52564K, committed 53440K, reserved 1114112K
  class space    used 5883K, committed 6272K, reserved 1048576K
}
Event: 34.640 GC heap after
{Heap after GC invocations=32 (full 0):
 garbage-first heap   total 2113536K, used 653138K [0x0000000600000000, 0x0000000800000000)
  region size 4096K, 39 young (159744K), 39 survivors (159744K)
 Metaspace       used 52564K, committed 53440K, reserved 1114112K
  class space    used 5883K, committed 6272K, reserved 1048576K
}
Event: 42.534 GC heap before
{Heap before GC invocations=32 (full 0):
 garbage-first heap   total 2113536K, used 1771346K [0x0000000600000000, 0x0000000800000000)
  region size 4096K, 309 young (1265664K), 39 survivors (159744K)
 Metaspace       used 62536K, committed 63616K, reserved 1114112K
  class space    used 7070K, committed 7552K, reserved 1048576K
}
Event: 42.603 GC heap after
{Heap after GC invocations=33 (full 0):
 garbage-first heap   total 2113536K, used 688128K [0x0000000600000000, 0x0000000800000000)
  region size 4096K, 7 young (28672K), 7 survivors (28672K)
 Metaspace       used 62536K, committed 63616K, reserved 1114112K
  class space    used 7070K, committed 7552K, reserved 1048576K
}
Event: 44.580 GC heap before
{Heap before GC invocations=33 (full 0):
 garbage-first heap   total 2113536K, used 1925120K [0x0000000600000000, 0x0000000800000000)
  region size 4096K, 309 young (1265664K), 7 survivors (28672K)
 Metaspace       used 66084K, committed 67200K, reserved 1114112K
  class space    used 7412K, committed 7936K, reserved 1048576K
}
Event: 44.603 GC heap after
{Heap after GC invocations=34 (full 0):
 garbage-first heap   total 2113536K, used 696320K [0x0000000600000000, 0x0000000800000000)
  region size 4096K, 9 young (36864K), 9 survivors (36864K)
 Metaspace       used 66084K, committed 67200K, reserved 1114112K
  class space    used 7412K, committed 7936K, reserved 1048576K
}

Dll operation events (14 events):
Event: 0.058 Loaded shared library C:\Users\bradl\AppData\Roaming\PrismLauncher\java\java-runtime-delta\bin\java.dll
Event: 0.082 Loaded shared library C:\Users\bradl\AppData\Roaming\PrismLauncher\java\java-runtime-delta\bin\zip.dll
Event: 0.149 Loaded shared library C:\Users\bradl\AppData\Roaming\PrismLauncher\java\java-runtime-delta\bin\jsvml.dll
Event: 0.330 Loaded shared library C:\Users\bradl\AppData\Roaming\PrismLauncher\java\java-runtime-delta\bin\net.dll
Event: 0.356 Loaded shared library C:\Users\bradl\AppData\Roaming\PrismLauncher\java\java-runtime-delta\bin\nio.dll
Event: 0.435 Loaded shared library C:\Users\bradl\AppData\Roaming\PrismLauncher\java\java-runtime-delta\bin\zip.dll
Event: 2.142 Loaded shared library C:\Users\bradl\AppData\Roaming\PrismLauncher\java\java-runtime-delta\bin\jimage.dll
Event: 5.608 Loaded shared library C:\Users\bradl\AppData\Roaming\PrismLauncher\java\java-runtime-delta\bin\verify.dll
Event: 7.747 Loaded shared library C:\Users\bradl\AppData\Roaming\PrismLauncher\java\java-runtime-delta\bin\management.dll
Event: 7.772 Loaded shared library C:\Users\bradl\AppData\Roaming\PrismLauncher\java\java-runtime-delta\bin\management_ext.dll
Event: 10.051 Loaded shared library C:\Users\bradl\AppData\Local\Temp\lwjgl_bradl\3.3.3+5\x64\lwjgl.dll
Event: 10.713 Loaded shared library C:\Users\bradl\AppData\Local\Temp\lwjgl_bradl\3.3.3+5\x64\lwjgl_stb.dll
Event: 10.768 Loaded shared library C:\Users\bradl\AppData\Local\Temp\lwjgl_bradl\3.3.3+5\x64\lwjgl_opengl.dll
Event: 38.350 Loaded shared library C:\Users\bradl\AppData\Local\Temp\jna-93997657\jna14287569013696933062.dll

Deoptimization events (20 events):
Event: 45.811 Thread 0x000001fa5367cad0 DEOPT PACKING pc=0x000001f9acc6eb2c sp=0x0000001b064f9cb0
Event: 45.811 Thread 0x000001fa5367cad0 DEOPT UNPACKING pc=0x000001f9abea46a2 sp=0x0000001b064f9c10 mode 2
Event: 46.009 Thread 0x000001fa5367cad0 DEOPT PACKING pc=0x000001f9a5bbaa49 sp=0x0000001b064f9b50
Event: 46.009 Thread 0x000001fa5367cad0 DEOPT UNPACKING pc=0x000001f9abea4e42 sp=0x0000001b064f8fb8 mode 0
Event: 46.060 Thread 0x000001fa5367cad0 Uncommon trap: trap_request=0xffffffde fr.pc=0x000001f9ac94030c relative=0x000000000000188c
Event: 46.060 Thread 0x000001fa5367cad0 Uncommon trap: reason=class_check action=maybe_recompile pc=0x000001f9ac94030c method=org.objectweb.asm.tree.ClassNode.accept(Lorg/objectweb/asm/ClassVisitor;)V @ 125 c2
Event: 46.060 Thread 0x000001fa5367cad0 DEOPT PACKING pc=0x000001f9ac94030c sp=0x0000001b064fa500
Event: 46.060 Thread 0x000001fa5367cad0 DEOPT UNPACKING pc=0x000001f9abea46a2 sp=0x0000001b064fa4d8 mode 2
Event: 46.060 Thread 0x000001fa5367cad0 Uncommon trap: trap_request=0xffffffde fr.pc=0x000001f9ac94030c relative=0x000000000000188c
Event: 46.060 Thread 0x000001fa5367cad0 Uncommon trap: reason=class_check action=maybe_recompile pc=0x000001f9ac94030c method=org.objectweb.asm.tree.ClassNode.accept(Lorg/objectweb/asm/ClassVisitor;)V @ 125 c2
Event: 46.060 Thread 0x000001fa5367cad0 DEOPT PACKING pc=0x000001f9ac94030c sp=0x0000001b064fa990
Event: 46.060 Thread 0x000001fa5367cad0 DEOPT UNPACKING pc=0x000001f9abea46a2 sp=0x0000001b064fa958 mode 2
Event: 46.085 Thread 0x000001fa5367cad0 Uncommon trap: trap_request=0xffffffcc fr.pc=0x000001f9ad047fd0 relative=0x00000000000001d0
Event: 46.085 Thread 0x000001fa5367cad0 Uncommon trap: reason=intrinsic_or_type_checked_inlining action=make_not_entrant pc=0x000001f9ad047fd0 method=java.util.stream.SpinedBuffer.copyInto([Ljava/lang/Object;I)V @ 51 c2
Event: 46.085 Thread 0x000001fa5367cad0 DEOPT PACKING pc=0x000001f9ad047fd0 sp=0x0000001b064fd550
Event: 46.086 Thread 0x000001fa5367cad0 DEOPT UNPACKING pc=0x000001f9abea46a2 sp=0x0000001b064fd398 mode 2
Event: 46.575 Thread 0x000001fa5367cad0 Uncommon trap: trap_request=0xffffff45 fr.pc=0x000001f9ad0ef494 relative=0x0000000000001fb4
Event: 46.575 Thread 0x000001fa5367cad0 Uncommon trap: reason=unstable_if action=reinterpret pc=0x000001f9ad0ef494 method=org.spongepowered.asm.mixin.transformer.ClassInfo.forType(Lorg/objectweb/asm/Type;Lorg/spongepowered/asm/mixin/transformer/ClassInfo$TypeLookup;)Lorg/spongepowered/asm/mixin
Event: 46.575 Thread 0x000001fa5367cad0 DEOPT PACKING pc=0x000001f9ad0ef494 sp=0x0000001b064fc2d0
Event: 46.575 Thread 0x000001fa5367cad0 DEOPT UNPACKING pc=0x000001f9abea46a2 sp=0x0000001b064fc1a8 mode 2

Classes loaded (20 events):
Event: 42.390 Loading class java/util/concurrent/LinkedTransferQueue$DualNode
Event: 42.390 Loading class java/util/concurrent/LinkedTransferQueue$DualNode done
Event: 42.391 Loading class java/util/function/LongSupplier
Event: 42.391 Loading class java/util/function/LongSupplier done
Event: 42.395 Loading class java/util/zip/ZipError
Event: 42.395 Loading class java/util/zip/ZipError done
Event: 43.142 Loading class java/time/format/DateTimePrintContext
Event: 43.142 Loading class java/time/format/DateTimePrintContext done
Event: 43.142 Loading class java/time/ZonedDateTime$1
Event: 43.142 Loading class java/time/ZonedDateTime$1 done
Event: 43.142 Loading class java/time/format/DateTimeFormatterBuilder$2
Event: 43.142 Loading class java/time/format/DateTimeFormatterBuilder$2 done
Event: 43.151 Loading class java/util/OptionalInt
Event: 43.151 Loading class java/util/OptionalInt done
Event: 43.152 Loading class jdk/internal/vm/annotation/IntrinsicCandidate
Event: 43.152 Loading class jdk/internal/vm/annotation/IntrinsicCandidate done
Event: 43.161 Loading class java/util/concurrent/Executors$AutoShutdownDelegatedExecutorService
Event: 43.162 Loading class java/util/concurrent/Executors$AutoShutdownDelegatedExecutorService done
Event: 43.162 Loading class jdk/internal/event/ThreadSleepEvent
Event: 43.162 Loading class jdk/internal/event/ThreadSleepEvent done

Classes unloaded (20 events):
Event: 45.030 Thread 0x000001f9bde25240 Unloading class 0x0000000800514000 'java/lang/invoke/LambdaForm$MH+0x0000000800514000'
Event: 45.030 Thread 0x000001f9bde25240 Unloading class 0x0000000800513c00 'java/lang/invoke/LambdaForm$MH+0x0000000800513c00'
Event: 45.030 Thread 0x000001f9bde25240 Unloading class 0x0000000800513800 'java/lang/invoke/LambdaForm$MH+0x0000000800513800'
Event: 45.030 Thread 0x000001f9bde25240 Unloading class 0x0000000800513000 'java/lang/invoke/LambdaForm$MH+0x0000000800513000'
Event: 45.030 Thread 0x000001f9bde25240 Unloading class 0x0000000800512c00 'java/lang/invoke/LambdaForm$MH+0x0000000800512c00'
Event: 45.030 Thread 0x000001f9bde25240 Unloading class 0x0000000800512800 'java/lang/invoke/LambdaForm$MH+0x0000000800512800'
Event: 45.030 Thread 0x000001f9bde25240 Unloading class 0x0000000800512400 'java/lang/invoke/LambdaForm$MH+0x0000000800512400'
Event: 45.030 Thread 0x000001f9bde25240 Unloading class 0x0000000800512000 'java/lang/invoke/LambdaForm$MH+0x0000000800512000'
Event: 45.030 Thread 0x000001f9bde25240 Unloading class 0x0000000800511800 'java/lang/invoke/LambdaForm$MH+0x0000000800511800'
Event: 45.030 Thread 0x000001f9bde25240 Unloading class 0x0000000800511400 'java/lang/invoke/LambdaForm$MH+0x0000000800511400'
Event: 45.030 Thread 0x000001f9bde25240 Unloading class 0x0000000800511000 'java/lang/invoke/LambdaForm$MH+0x0000000800511000'
Event: 45.030 Thread 0x000001f9bde25240 Unloading class 0x0000000800510c00 'java/lang/invoke/LambdaForm$MH+0x0000000800510c00'
Event: 45.030 Thread 0x000001f9bde25240 Unloading class 0x0000000800510400 'java/lang/invoke/LambdaForm$MH+0x0000000800510400'
Event: 45.030 Thread 0x000001f9bde25240 Unloading class 0x0000000800509c00 'java/lang/invoke/LambdaForm$MH+0x0000000800509c00'
Event: 45.030 Thread 0x000001f9bde25240 Unloading class 0x0000000800510000 'java/lang/invoke/LambdaForm$MH+0x0000000800510000'
Event: 45.030 Thread 0x000001f9bde25240 Unloading class 0x0000000800509800 'java/lang/invoke/LambdaForm$MH+0x0000000800509800'
Event: 45.030 Thread 0x000001f9bde25240 Unloading class 0x0000000800509400 'java/lang/invoke/LambdaForm$MH+0x0000000800509400'
Event: 45.030 Thread 0x000001f9bde25240 Unloading class 0x0000000800509000 'java/lang/invoke/LambdaForm$MH+0x0000000800509000'
Event: 45.030 Thread 0x000001f9bde25240 Unloading class 0x0000000800508c00 'java/lang/invoke/LambdaForm$MH+0x0000000800508c00'
Event: 45.030 Thread 0x000001f9bde25240 Unloading class 0x0000000800508800 'java/lang/invoke/LambdaForm$MH+0x0000000800508800'

Classes redefined (0 events):
No events

Internal exceptions (20 events):
Event: 42.043 Thread 0x000001f99e8a0dc0 Exception <a 'java/lang/UnsatisfiedLinkError'{0x0000000648137508}: The specified procedure could not be found.
> (0x0000000648137508) 
thrown [s\src\hotspot\share\prims\jni.cpp, line 539]
Event: 42.230 Thread 0x000001f99e8a0dc0 Exception <a 'java/lang/UnsatisfiedLinkError'{0x0000000648200f70}: The specified procedure could not be found.
> (0x0000000648200f70) 
thrown [s\src\hotspot\share\prims\jni.cpp, line 539]
Event: 42.234 Thread 0x000001f99e8a0dc0 Exception <a 'java/lang/NoSuchMethodError'{0x000000064820b9e8}: 'void java.lang.invoke.DirectMethodHandle$Holder.invokeSpecial(java.lang.Object, java.lang.Object, java.lang.Object, long)'> (0x000000064820b9e8) 
thrown [s\src\hotspot\share\interpreter\linkResolver.cpp, line 773]
Event: 42.234 Thread 0x000001f99e8a0dc0 Exception <a 'java/lang/NoSuchMethodError'{0x0000000647c12698}: 'void java.lang.invoke.DelegatingMethodHandle$Holder.reinvoke_L(java.lang.Object, java.lang.Object, long)'> (0x0000000647c12698) 
thrown [s\src\hotspot\share\interpreter\linkResolver.cpp, line 773]
Event: 42.235 Thread 0x000001f99e8a0dc0 Exception <a 'java/lang/NoSuchMethodError'{0x0000000647c19248}: 'long java.lang.invoke.Invokers$Holder.invokeExact_MT(java.lang.Object, java.lang.Object, java.lang.Object)'> (0x0000000647c19248) 
thrown [s\src\hotspot\share\interpreter\linkResolver.cpp, line 773]
Event: 42.235 Thread 0x000001f99e8a0dc0 Exception <a 'java/lang/UnsatisfiedLinkError'{0x0000000647c1e288}: The specified procedure could not be found.
> (0x0000000647c1e288) 
thrown [s\src\hotspot\share\prims\jni.cpp, line 539]
Event: 42.237 Thread 0x000001f99e8a0dc0 Exception <a 'java/lang/UnsatisfiedLinkError'{0x0000000647c229f0}: The specified procedure could not be found.
> (0x0000000647c229f0) 
thrown [s\src\hotspot\share\prims\jni.cpp, line 539]
Event: 42.237 Thread 0x000001f99e8a0dc0 Exception <a 'java/lang/UnsatisfiedLinkError'{0x0000000647c23c48}: The specified procedure could not be found.
> (0x0000000647c23c48) 
thrown [s\src\hotspot\share\prims\jni.cpp, line 539]
Event: 42.283 Thread 0x000001f99e8a0dc0 Exception <a 'java/lang/NoSuchMethodError'{0x00000006477e65b0}: 'long java.lang.invoke.DirectMethodHandle$Holder.invokeStatic(java.lang.Object, long)'> (0x00000006477e65b0) 
thrown [s\src\hotspot\share\interpreter\linkResolver.cpp, line 773]
Event: 42.389 Thread 0x000001f99e8a0dc0 Exception <a 'java/lang/NoSuchMethodError'{0x00000006472261a8}: 'java.lang.Object java.lang.invoke.DirectMethodHandle$Holder.invokeStaticInit(java.lang.Object, java.lang.Object, java.lang.Object, int, java.lang.Object)'> (0x00000006472261a8) 
thrown [s\src\hotspot\share\interpreter\linkResolver.cpp, line 773]
Event: 42.389 Thread 0x000001f99e8a0dc0 Exception <a 'java/lang/NoSuchMethodError'{0x000000064722c450}: 'java.lang.Object java.lang.invoke.DirectMethodHandle$Holder.newInvokeSpecial(java.lang.Object, java.lang.Object, java.lang.Object, int)'> (0x000000064722c450) 
thrown [s\src\hotspot\share\interpreter\linkResolver.cpp, line 773]
Event: 42.401 Thread 0x000001f99e8a0dc0 Implicit null exception at 0x000001f9acf71541 to 0x000001f9acf716ac
Event: 42.402 Thread 0x000001f99e8a0dc0 Implicit null exception at 0x000001f9acc826f9 to 0x000001f9acc83218
Event: 42.405 Thread 0x000001f99e8a0dc0 Exception <a 'java/lang/NoSuchMethodError'{0x0000000646cf3678}: 'void java.lang.invoke.Invokers$Holder.exactInvoker(java.lang.Object, java.lang.Object, java.lang.Object, java.lang.Object, java.lang.Object)'> (0x0000000646cf3678) 
thrown [s\src\hotspot\share\interpreter\linkResolver.cpp, line 773]
Event: 42.406 Thread 0x000001f99e8a0dc0 Exception <a 'java/lang/NoSuchMethodError'{0x0000000646d123f0}: 'void java.lang.invoke.Invokers$Holder.invokeExact_MT(java.lang.Object, java.lang.Object, java.lang.Object, java.lang.Object, java.lang.Object)'> (0x0000000646d123f0) 
thrown [s\src\hotspot\share\interpreter\linkResolver.cpp, line 773]
Event: 43.034 Thread 0x000001f99e8a0dc0 Exception <a 'java/lang/NoSuchMethodError'{0x0000000667f73e88}: 'void java.lang.invoke.DirectMethodHandle$Holder.invokeStaticInit(java.lang.Object, java.lang.Object, java.lang.Object, java.lang.Object, java.lang.Object, java.lang.Object)'> (0x0000000667f73e88) 
thrown [s\src\hotspot\share\interpreter\linkResolver.cpp, line 773]
Event: 43.281 Thread 0x000001fa5367cad0 Exception <a 'java/lang/NoSuchMethodError'{0x0000000660277a60}: 'java.lang.Object java.lang.invoke.DirectMethodHandle$Holder.newInvokeSpecial(java.lang.Object, java.lang.Object, int, java.lang.Object, java.lang.Object)'> (0x0000000660277a60) 
thrown [s\src\hotspot\share\interpreter\linkResolver.cpp, line 773]
Event: 43.848 Thread 0x000001fa5367cad0 Implicit null exception at 0x000001f9aca17308 to 0x000001f9aca178d0
Event: 44.459 Thread 0x000001fa5367cad0 Implicit null exception at 0x000001f9ad09cb90 to 0x000001f9ad09e4d4
Event: 46.082 Thread 0x000001fa5367cad0 Exception <a 'java/lang/NoSuchMethodError'{0x000000065c5b30a0}: 'java.lang.Object java.lang.invoke.DirectMethodHandle$Holder.invokeStatic(java.lang.Object, java.lang.Object, int, int)'> (0x000000065c5b30a0) 
thrown [s\src\hotspot\share\interpreter\linkResolver.cpp, line 773]

ZGC Phase Switch (0 events):
No events

VM Operations (20 events):
Event: 41.447 Executing VM operation: Cleanup
Event: 41.447 Executing VM operation: Cleanup done
Event: 41.508 Executing VM operation: HandshakeAllThreads (Deoptimize)
Event: 41.508 Executing VM operation: HandshakeAllThreads (Deoptimize) done
Event: 42.518 Executing VM operation: Cleanup
Event: 42.518 Executing VM operation: Cleanup done
Event: 42.534 Executing VM operation: G1CollectForAllocation (G1 Evacuation Pause)
Event: 42.603 Executing VM operation: G1CollectForAllocation (G1 Evacuation Pause) done
Event: 43.152 Executing VM operation: ICBufferFull
Event: 43.152 Executing VM operation: ICBufferFull done
Event: 44.165 Executing VM operation: Cleanup
Event: 44.165 Executing VM operation: Cleanup done
Event: 44.580 Executing VM operation: G1CollectForAllocation (G1 Evacuation Pause)
Event: 44.603 Executing VM operation: G1CollectForAllocation (G1 Evacuation Pause) done
Event: 45.030 Executing VM operation: G1PauseRemark
Event: 45.044 Executing VM operation: G1PauseRemark done
Event: 45.202 Executing VM operation: G1PauseCleanup
Event: 45.202 Executing VM operation: G1PauseCleanup done
Event: 46.208 Executing VM operation: Cleanup
Event: 46.208 Executing VM operation: Cleanup done

Memory protections (0 events):
No events

Nmethod flushes (20 events):
Event: 45.043 Thread 0x000001f9bde25240 flushing  nmethod 0x000001f9a4d91690
Event: 45.043 Thread 0x000001f9bde25240 flushing  nmethod 0x000001f9a4d92410
Event: 45.043 Thread 0x000001f9bde25240 flushing  nmethod 0x000001f9a4d98690
Event: 45.043 Thread 0x000001f9bde25240 flushing  nmethod 0x000001f9a4e43290
Event: 45.043 Thread 0x000001f9bde25240 flushing  nmethod 0x000001f9a4e52210
Event: 45.043 Thread 0x000001f9bde25240 flushing  nmethod 0x000001f9a4e52f10
Event: 45.043 Thread 0x000001f9bde25240 flushing  nmethod 0x000001f9a4e53590
Event: 45.043 Thread 0x000001f9bde25240 flushing  nmethod 0x000001f9a4e53c10
Event: 45.043 Thread 0x000001f9bde25240 flushing  nmethod 0x000001f9a54d8c10
Event: 45.043 Thread 0x000001f9bde25240 flushing  nmethod 0x000001f9a54dc290
Event: 45.043 Thread 0x000001f9bde25240 flushing  nmethod 0x000001f9a55e1d10
Event: 45.043 Thread 0x000001f9bde25240 flushing  nmethod 0x000001f9a55e2910
Event: 45.043 Thread 0x000001f9bde25240 flushing  nmethod 0x000001f9a55ead90
Event: 45.043 Thread 0x000001f9bde25240 flushing  nmethod 0x000001f9a55ebb90
Event: 45.043 Thread 0x000001f9bde25240 flushing  nmethod 0x000001f9a55ecc10
Event: 45.043 Thread 0x000001f9bde25240 flushing  nmethod 0x000001f9a55eda90
Event: 45.043 Thread 0x000001f9bde25240 flushing  nmethod 0x000001f9a55eea10
Event: 45.043 Thread 0x000001f9bde25240 flushing  nmethod 0x000001f9a55ef890
Event: 45.043 Thread 0x000001f9bde25240 flushing  nmethod 0x000001f9a55f7b10
Event: 45.043 Thread 0x000001f9bde25240 flushing  nmethod 0x000001f9a55f9490

Events (20 events):
Event: 37.195 Thread 0x000001f9c6696b80 Thread exited: 0x000001f9c6696b80
Event: 37.195 Thread 0x000001f9c66964b0 Thread exited: 0x000001f9c66964b0
Event: 37.446 Thread 0x000001f99e8a0dc0 Thread added: 0x000001fa5367c440
Event: 37.447 Thread 0x000001f99e8a0dc0 Thread added: 0x000001fa53679650
Event: 37.480 Thread 0x000001f9c0818f50 Thread added: 0x000001f9c6696b80
Event: 39.392 Thread 0x000001f99e8a0dc0 Thread added: 0x000001fa5367d160
Event: 39.957 Thread 0x000001f9c6696b80 Thread exited: 0x000001f9c6696b80
Event: 40.803 Thread 0x000001f9c0818f50 Thread added: 0x000001f9c6696b80
Event: 40.965 Thread 0x000001f9c6696b80 Thread exited: 0x000001f9c6696b80
Event: 41.660 Thread 0x000001f9c0818f50 Thread added: 0x000001f9c6696b80
Event: 41.966 Thread 0x000001f9c6696b80 Thread exited: 0x000001f9c6696b80
Event: 42.275 Thread 0x000001f9c0818f50 Thread added: 0x000001f9c6696b80
Event: 42.763 Thread 0x000001f9c0818f50 Thread added: 0x000001f9c669afa0
Event: 43.162 Thread 0x000001f99e8a0dc0 Thread added: 0x000001fa5367cad0
Event: 45.075 Thread 0x000001f9c669afa0 Thread exited: 0x000001f9c669afa0
Event: 45.075 Thread 0x000001f9c6696b80 Thread exited: 0x000001f9c6696b80
Event: 45.444 Thread 0x000001f9c0818f50 Thread added: 0x000001f9c08181b0
Event: 45.444 Thread 0x000001f9c0818f50 Thread added: 0x000001f9c0818880
Event: 46.592 Thread 0x000001f9c0818880 Thread exited: 0x000001f9c0818880
Event: 46.624 Thread 0x000001f9c08181b0 Thread exited: 0x000001f9c08181b0


Dynamic libraries:
0x00007ff743880000 - 0x00007ff74388e000 	C:\Users\bradl\AppData\Roaming\PrismLauncher\java\java-runtime-delta\bin\javaw.exe
0x00007ff8c92c0000 - 0x00007ff8c9527000 	C:\Windows\SYSTEM32\ntdll.dll
0x00007ff8c8160000 - 0x00007ff8c822b000 	C:\Windows\System32\KERNEL32.DLL
0x00007ff8c6bd0000 - 0x00007ff8c6fd2000 	C:\Windows\System32\KERNELBASE.dll
0x00007ff8c66b0000 - 0x00007ff8c67fc000 	C:\Windows\System32\ucrtbase.dll
0x00007ff8946e0000 - 0x00007ff8946f8000 	C:\Users\bradl\AppData\Roaming\PrismLauncher\java\java-runtime-delta\bin\jli.dll
0x00007ff893bf0000 - 0x00007ff893c0d000 	C:\Users\bradl\AppData\Roaming\PrismLauncher\java\java-runtime-delta\bin\VCRUNTIME140.dll
0x00007ff8c7e50000 - 0x00007ff8c801f000 	C:\Windows\System32\USER32.dll
0x00007ff8c6ae0000 - 0x00007ff8c6b07000 	C:\Windows\System32\win32u.dll
0x00007ff8b12a0000 - 0x00007ff8b1530000 	C:\Windows\WinSxS\amd64_microsoft.windows.common-controls_6595b64144ccf1df_6.0.26100.9278_none_3e0d1ba8e3303201\COMCTL32.dll
0x00007ff8c80b0000 - 0x00007ff8c8159000 	C:\Windows\System32\msvcrt.dll
0x00007ff8c7d20000 - 0x00007ff8c7d4b000 	C:\Windows\System32\GDI32.dll
0x00007ff8c64c0000 - 0x00007ff8c65e9000 	C:\Windows\System32\gdi32full.dll
0x00007ff8c69a0000 - 0x00007ff8c6a43000 	C:\Windows\System32\msvcp_win.dll
0x00007ff8c82c0000 - 0x00007ff8c82f1000 	C:\Windows\System32\IMM32.DLL
0x00007ff89c670000 - 0x00007ff89c67c000 	C:\Users\bradl\AppData\Roaming\PrismLauncher\java\java-runtime-delta\bin\vcruntime140_1.dll
0x00007ff85ff10000 - 0x00007ff85ff9d000 	C:\Users\bradl\AppData\Roaming\PrismLauncher\java\java-runtime-delta\bin\msvcp140.dll
0x00007ff81fb40000 - 0x00007ff8208d8000 	C:\Users\bradl\AppData\Roaming\PrismLauncher\java\java-runtime-delta\bin\server\jvm.dll
0x00007ff8c71b0000 - 0x00007ff8c726c000 	C:\Windows\System32\ADVAPI32.dll
0x00007ff8c8610000 - 0x00007ff8c86b9000 	C:\Windows\System32\sechost.dll
0x00007ff8c7c00000 - 0x00007ff8c7d18000 	C:\Windows\System32\RPCRT4.dll
0x00007ff8c8230000 - 0x00007ff8c82b0000 	C:\Windows\System32\WS2_32.dll
0x00007ff8c6340000 - 0x00007ff8c639e000 	C:\Windows\SYSTEM32\POWRPROF.dll
0x00007ff8b9920000 - 0x00007ff8b9956000 	C:\Windows\SYSTEM32\WINMM.dll
0x00007ff8bada0000 - 0x00007ff8badab000 	C:\Windows\SYSTEM32\VERSION.dll
0x00007ff8c6300000 - 0x00007ff8c6315000 	C:\Windows\SYSTEM32\UMPDC.dll
0x00007ff8c5190000 - 0x00007ff8c51ab000 	C:\Windows\SYSTEM32\kernel.appcore.dll
0x00007ff89c520000 - 0x00007ff89c52a000 	C:\Users\bradl\AppData\Roaming\PrismLauncher\java\java-runtime-delta\bin\jimage.dll
0x00007ff86ef30000 - 0x00007ff86f17c000 	C:\Windows\SYSTEM32\DBGHELP.DLL
0x00007ff8c87c0000 - 0x00007ff8c8b45000 	C:\Windows\System32\combase.dll
0x00007ff8c7ab0000 - 0x00007ff8c7b89000 	C:\Windows\System32\OLEAUT32.dll
0x00007ff8adba0000 - 0x00007ff8adbdb000 	C:\Windows\SYSTEM32\dbgcore.DLL
0x00007ff8c6b10000 - 0x00007ff8c6bbc000 	C:\Windows\System32\bcryptPrimitives.dll
0x00007ff88ba50000 - 0x00007ff88ba70000 	C:\Users\bradl\AppData\Roaming\PrismLauncher\java\java-runtime-delta\bin\java.dll
0x00007ff88ba30000 - 0x00007ff88ba48000 	C:\Users\bradl\AppData\Roaming\PrismLauncher\java\java-runtime-delta\bin\zip.dll
0x00007ff8c7310000 - 0x00007ff8c7aa8000 	C:\Windows\System32\SHELL32.dll
0x00007ff8c3f60000 - 0x00007ff8c480e000 	C:\Windows\SYSTEM32\windows.storage.dll
0x00007ff8c7d50000 - 0x00007ff8c7e4b000 	C:\Windows\System32\SHCORE.dll
0x00007ff8c9210000 - 0x00007ff8c9276000 	C:\Windows\System32\shlwapi.dll
0x00007ff8c63e0000 - 0x00007ff8c6409000 	C:\Windows\SYSTEM32\profapi.dll
0x00007ff85fe30000 - 0x00007ff85ff06000 	C:\Users\bradl\AppData\Roaming\PrismLauncher\java\java-runtime-delta\bin\jsvml.dll
0x00007ff894fe0000 - 0x00007ff894ff0000 	C:\Users\bradl\AppData\Roaming\PrismLauncher\java\java-runtime-delta\bin\net.dll
0x00007ff8bf400000 - 0x00007ff8bf52a000 	C:\Windows\SYSTEM32\WINHTTP.dll
0x00007ff8c5750000 - 0x00007ff8c57bc000 	C:\Windows\system32\mswsock.dll
0x00007ff88b1d0000 - 0x00007ff88b1e6000 	C:\Users\bradl\AppData\Roaming\PrismLauncher\java\java-runtime-delta\bin\nio.dll
0x00007ff8c5a40000 - 0x00007ff8c5a5b000 	C:\Windows\SYSTEM32\CRYPTSP.dll
0x00007ff8c50f0000 - 0x00007ff8c5129000 	C:\Windows\system32\rsaenh.dll
0x00007ff8c5800000 - 0x00007ff8c5834000 	C:\Windows\SYSTEM32\USERENV.dll
0x00007ff8c63b0000 - 0x00007ff8c63da000 	C:\Windows\SYSTEM32\bcrypt.dll
0x00007ff8c5a60000 - 0x00007ff8c5a6c000 	C:\Windows\SYSTEM32\CRYPTBASE.dll
0x00007ff8c4bb0000 - 0x00007ff8c4be3000 	C:\Windows\SYSTEM32\IPHLPAPI.DLL
0x00007ff8c7bf0000 - 0x00007ff8c7bfa000 	C:\Windows\System32\NSI.dll
0x00007ff8943d0000 - 0x00007ff8943e0000 	C:\Users\bradl\AppData\Roaming\PrismLauncher\java\java-runtime-delta\bin\verify.dll
0x00007ff894200000 - 0x00007ff89420a000 	C:\Users\bradl\AppData\Roaming\PrismLauncher\java\java-runtime-delta\bin\management.dll
0x00007ff8913e0000 - 0x00007ff8913eb000 	C:\Users\bradl\AppData\Roaming\PrismLauncher\java\java-runtime-delta\bin\management_ext.dll
0x00007ff8c83a0000 - 0x00007ff8c83a8000 	C:\Windows\System32\PSAPI.DLL
0x00007ff862a60000 - 0x00007ff862a78000 	C:\Windows\system32\napinsp.dll
0x00007ff8c4bf0000 - 0x00007ff8c4d48000 	C:\Windows\SYSTEM32\DNSAPI.dll
0x00007ff8c5530000 - 0x00007ff8c553d000 	C:\Windows\SYSTEM32\DSPARSE.dll
0x00007ff862a80000 - 0x00007ff862a93000 	C:\Windows\System32\winrnr.dll
0x00007ff861880000 - 0x00007ff8618a7000 	C:\Windows\system32\nlansp_c.dll
0x00007ff8a40f0000 - 0x00007ff8a4106000 	C:\Windows\system32\wshbth.dll
0x00007ff8c0430000 - 0x00007ff8c043b000 	C:\Windows\System32\rasadhlp.dll
0x00007ff8bc890000 - 0x00007ff8bc916000 	C:\Windows\System32\fwpuclnt.dll
0x00007ff8b2830000 - 0x00007ff8b28ab000 	C:\Users\bradl\AppData\Local\Temp\lwjgl_bradl\3.3.3+5\x64\lwjgl.dll
0x00007ff8c36e0000 - 0x00007ff8c3724000 	C:\Windows\SYSTEM32\dxcore.dll
0x00007ff85a880000 - 0x00007ff85aaf0000 	C:\Users\bradl\AppData\Local\Temp\lwjgl_bradl\3.3.3+5\x64\jemalloc.dll
0x00007ff85fc20000 - 0x00007ff85fca2000 	C:\Users\bradl\AppData\Local\Temp\lwjgl_bradl\3.3.3+5\x64\glfw.dll
0x00007ff88b1f0000 - 0x00007ff88b23b000 	C:\Windows\SYSTEM32\dinput8.dll
0x00007ff8c1210000 - 0x00007ff8c122b000 	C:\Windows\SYSTEM32\xinput1_4.dll
0x00007ff8c5fe0000 - 0x00007ff8c6032000 	C:\Windows\SYSTEM32\cfgmgr32.dll
0x00007ff8c6040000 - 0x00007ff8c606f000 	C:\Windows\SYSTEM32\DEVOBJ.dll
0x00007ff8c3990000 - 0x00007ff8c39bf000 	C:\Windows\SYSTEM32\dwmapi.dll
0x00007ff8ae1b0000 - 0x00007ff8ae393000 	C:\Windows\SYSTEM32\inputhost.dll
0x00007ff8c2c80000 - 0x00007ff8c2dab000 	C:\Windows\SYSTEM32\CoreMessaging.dll
0x00007ff8c3600000 - 0x00007ff8c36a8000 	C:\Windows\system32\uxtheme.dll
0x00007ff8c6fe0000 - 0x00007ff8c713b000 	C:\Windows\System32\MSCTF.dll
0x00007ff8a7f60000 - 0x00007ff8a806c000 	C:\Windows\SYSTEM32\opengl32.dll
0x00007ff8a7e90000 - 0x00007ff8a7ebd000 	C:\Windows\SYSTEM32\GLU32.dll
0x00007ff8c10b0000 - 0x00007ff8c110e000 	C:\Windows\SYSTEM32\directxdatabasehelper.dll
0x00007ff8b3100000 - 0x00007ff8b311e000 	C:\Windows\SYSTEM32\windows.staterepositorycore.dll
0x00007ff81eff0000 - 0x00007ff81fb37000 	C:\Windows\SYSTEM32\ig75icd64.dll
0x00007ff8bcda0000 - 0x00007ff8bd7df000 	C:\Windows\SYSTEM32\igdusc64.dll
0x00007ff8c35a0000 - 0x00007ff8c35ca000 	C:\Windows\SYSTEM32\WTSAPI32.dll
0x00007ff8c6810000 - 0x00007ff8c698e000 	C:\Windows\System32\CRYPT32.dll
0x00007ff8c5450000 - 0x00007ff8c5499000 	C:\Windows\SYSTEM32\SspiCli.dll
0x00007ff8c3730000 - 0x00007ff8c386b000 	C:\Windows\SYSTEM32\dxgi.dll
0x00007ff8c2720000 - 0x00007ff8c2980000 	C:\Windows\SYSTEM32\d3d11.dll
0x00007ff8be010000 - 0x00007ff8bef6d000 	C:\Windows\SYSTEM32\igd10iumd64.dll
0x00007ff8c5c80000 - 0x00007ff8c5cb0000 	C:\Windows\SYSTEM32\ncrypt.dll
0x00007ff8c34d0000 - 0x00007ff8c356f000 	C:\Windows\SYSTEM32\apphelp.dll
0x00007ff8c5c30000 - 0x00007ff8c5c6f000 	C:\Windows\SYSTEM32\NTASN1.dll
0x00007ff85d0c0000 - 0x00007ff85d142000 	C:\Users\bradl\AppData\Local\Temp\lwjgl_bradl\3.3.3+5\x64\lwjgl_stb.dll
0x00007ff8bab90000 - 0x00007ff8bac4f000 	C:\Windows\SYSTEM32\mscms.dll
0x00007ff8617a0000 - 0x00007ff8617eb000 	C:\Windows\SYSTEM32\icm32.dll
0x00007ff8c8550000 - 0x00007ff8c85fe000 	C:\Windows\System32\clbcatq.dll
0x00007ff8adf10000 - 0x00007ff8adf6d000 	C:\Windows\system32\ApplicationTargetedFeatureDatabase.dll
0x00007ff8a9a40000 - 0x00007ff8a9b82000 	C:\Windows\SYSTEM32\textinputframework.dll
0x00007ff8bfcc0000 - 0x00007ff8bff10000 	C:\Windows\System32\twinapi.appcore.dll
0x00007ff8c0590000 - 0x00007ff8c06fa000 	C:\Windows\System32\WinTypes.dll
0x00007ff89d930000 - 0x00007ff89d9a5000 	C:\Windows\system32\Oleacc.dll
0x00007ff8614f0000 - 0x00007ff86154e000 	C:\Users\bradl\AppData\Local\Temp\lwjgl_bradl\3.3.3+5\x64\lwjgl_opengl.dll
0x00007ff8b86e0000 - 0x00007ff8b8738000 	C:\Windows\SYSTEM32\pdh.dll
0x00007ff8afe50000 - 0x00007ff8afe62000 	C:\Windows\System32\perfproc.dll
0x00007ff8b0090000 - 0x00007ff8b00a1000 	C:\Windows\System32\perfos.dll
0x00007ff8c14b0000 - 0x00007ff8c14c2000 	C:\Windows\SYSTEM32\pfclient.dll
0x00007ff8a6cf0000 - 0x00007ff8a6d35000 	C:\Users\bradl\AppData\Local\Temp\jna-93997657\jna14287569013696933062.dll
0x00007ff8c83b0000 - 0x00007ff8c854a000 	C:\Windows\System32\Ole32.dll
0x00007ff8bf880000 - 0x00007ff8bf892000 	C:\Windows\system32\wbem\wbemprox.dll
0x00007ff8bf800000 - 0x00007ff8bf87a000 	C:\Windows\SYSTEM32\wbemcomn.dll
0x00007ff8bdab0000 - 0x00007ff8bdac5000 	C:\Windows\system32\wbem\wbemsvc.dll
0x00007ff8bcca0000 - 0x00007ff8bcd95000 	C:\Windows\system32\wbem\fastprox.dll
0x00007ff8bb460000 - 0x00007ff8bb47d000 	C:\Windows\SYSTEM32\amsi.dll
0x00007ff8bae80000 - 0x00007ff8baf24000 	C:\ProgramData\Microsoft\Windows Defender\Platform\4.18.26080.4-0\MpOav.dll
0x00007ff8c0700000 - 0x00007ff8c09e4000 	C:\Windows\SYSTEM32\CoreUIComponents.dll

dbghelp: loaded successfully - version: 4.0.5 - missing functions: none
symbol engine: initialized successfully - sym options: 0x614 - pdb path: .;C:\Users\bradl\AppData\Roaming\PrismLauncher\java\java-runtime-delta\bin;C:\Windows\SYSTEM32;C:\Windows\WinSxS\amd64_microsoft.windows.common-controls_6595b64144ccf1df_6.0.26100.9278_none_3e0d1ba8e3303201;C:\Users\bradl\AppData\Roaming\PrismLauncher\java\java-runtime-delta\bin\server;C:\Users\bradl\AppData\Local\Temp\lwjgl_bradl\3.3.3+5\x64;C:\Users\bradl\AppData\Local\Temp\jna-93997657;C:\Windows\system32\wbem;C:\ProgramData\Microsoft\Windows Defender\Platform\4.18.26080.4-0

VM Arguments:
jvm_args: -Duser.language=en -XX:HeapDumpPath=MojangTricksIntelDriversForPerformance_javaw.exe_minecraft.exe.heapdump -Xms512m -Xmx8192m -Djava.library.path=C:/Users/bradl/AppData/Roaming/PrismLauncher/instances/Silk and Stardust/natives 
java_command: org.prismlauncher.EntryPoint
java_class_path (initial): C:/Users/bradl/AppData/Local/Programs/PrismLauncher/jars/NewLaunch.jar;C:/Users/bradl/AppData/Roaming/PrismLauncher/libraries/org/lwjgl/lwjgl-freetype-natives-windows-arm64/3.3.3/lwjgl-freetype-natives-windows-arm64-3.3.3.jar;C:/Users/bradl/AppData/Roaming/PrismLauncher/libraries/org/lwjgl/lwjgl-freetype-natives-windows-x86/3.3.3/lwjgl-freetype-natives-windows-x86-3.3.3.jar;C:/Users/bradl/AppData/Roaming/PrismLauncher/libraries/org/lwjgl/lwjgl-freetype-natives-windows/3.3.3/lwjgl-freetype-natives-windows-3.3.3.jar;C:/Users/bradl/AppData/Roaming/PrismLauncher/libraries/org/lwjgl/lwjgl-freetype/3.3.3/lwjgl-freetype-3.3.3.jar;C:/Users/bradl/AppData/Roaming/PrismLauncher/libraries/org/lwjgl/lwjgl-glfw-natives-windows-arm64/3.3.3/lwjgl-glfw-natives-windows-arm64-3.3.3.jar;C:/Users/bradl/AppData/Roaming/PrismLauncher/libraries/org/lwjgl/lwjgl-glfw-natives-windows-x86/3.3.3/lwjgl-glfw-natives-windows-x86-3.3.3.jar;C:/Users/bradl/AppData/Roaming/PrismLauncher/libraries/org/lwjgl/lwjgl-glfw-natives-windows/3.3.3/lwjgl-glfw-natives-windows-3.3.3.jar;C:/Users/bradl/AppData/Roaming/PrismLauncher/libraries/org/lwjgl/lwjgl-glfw/3.3.3/lwjgl-glfw-3.3.3.jar;C:/Users/bradl/AppData/Roaming/PrismLauncher/libraries/org/lwjgl/lwjgl-jemalloc-natives-windows-arm64/3.3.3/lwjgl-jemalloc-natives-windows-arm64-3.3.3.jar;C:/Users/bradl/AppData/Roaming/PrismLauncher/libraries/org/lwjgl/lwjgl-jemalloc-natives-windows-x86/3.3.3/lwjgl-jemalloc-natives-windows-x86-3.3.3.jar;C:/Users/bradl/AppData/Roaming/PrismLauncher/libraries/org/lwjgl/lwjgl-jemalloc-natives-windows/3.3.3/lwjgl-jemalloc-natives-windows-3.3.3.jar;C:/Users/bradl/AppData/Roaming/PrismLauncher/libraries/org/lwjgl/lwjgl-jemalloc/3.3.3/lwjgl-jemalloc-3.3.3.jar;C:/Users/bradl/AppData/Roaming/PrismLauncher/libraries/org/lwjgl/lwjgl-natives-windows-arm64/3.3.3/lwjgl-natives-windows-arm64-3.3.3.jar;C:/Users/bradl/AppData/Roaming/PrismLauncher/libraries/org/lwjgl/lwjgl-natives-windows-x86/3.3.3/lwjgl-natives-windows-x86-3.3.3.jar;C:/Users/bradl/AppData/Roaming/PrismLauncher/libraries/org/lwjgl/lwjgl-natives-windows/3.3.3/lwjgl-natives-windows-3.3.3.jar;C:/Users/bradl/AppData/Roaming/PrismLauncher/libraries/org/lwjgl/lwjgl-openal-natives-windows-arm64/3.3.3/lwjgl-openal-natives-windows-arm64-3.3.3.jar;C:/Users/bradl/AppData/Roaming/PrismLauncher/libraries/org/lwjgl/lwjgl-openal-natives-windows-x86/3.3.3/lwjgl-openal-natives-windows-x86-3.3.3.jar;C:/Users/bradl/AppData/Roaming/PrismLauncher/libraries/org/lwjgl/lwjgl-openal-natives-windows/3.3.3/lwjgl-openal-natives-windows-3.3.3.jar;C:/Users/bradl/AppData/Roaming/PrismLauncher/libraries/org/lwjgl/lwjgl-openal/3.3.3/lwjgl-openal-3.3.3.jar;C:/Users/bradl/AppData/Roaming/PrismLauncher/libraries/org/lwjgl/lwjgl-opengl-natives-windows-arm64/3.3.3/lwjgl-opengl-natives-windows-arm64-3.3.3.jar;C:/Users/bradl/AppData/Roaming/PrismLauncher/libraries/org/lwjgl/lwjgl-opengl-natives-windows-x86/3.3.3/lwjgl-opengl-natives-windows-x86-3.3.3.jar;C:/Users/bradl/AppData/Roaming/PrismLauncher/libraries/org/lwjgl/lwjgl-opengl-natives-windows/3.3.3/lwjgl-opengl-natives-windows-3.3.3.jar;C:/Users/bradl/AppData/Roaming/PrismLauncher/libraries/org/lwjgl/lwjgl-opengl/3.3.3/lwjgl-opengl-3.3.3.jar;C:/Users/bradl/AppData/Roaming/PrismLauncher/libraries/org/lwjgl/lwjgl-stb-natives-windows-arm64/3.3.3/lwjgl-stb-natives-windows-arm64-3.3.3.jar;C:/Users/bradl/AppData/Roaming/PrismLauncher/libraries/org/lwjgl/lwjgl-stb-natives-windows-x86/3.3.3/lwjgl-stb-natives-windows-x86-3.3.3.jar;C:/Users/bradl/AppData/Roaming/PrismLauncher/libraries/org/lwjgl/lwjgl-stb-natives-windows/3.3.3/lwjgl-stb-natives-windows-3.3.3.jar;C:/Users/bradl/AppData/Roaming/PrismLauncher/libraries/org/lwjgl/lwjgl-stb/3.3.3/lwjgl-stb-3.3.3.jar;C:/Users/bradl/AppData/Roaming/PrismLauncher/libraries/org/lwjgl/lwjgl-tinyfd-natives-windows-arm64/3.3.3/lwjgl-tinyfd-natives-windows-arm64-3.3.3.jar;C:/Users/bradl/AppData/Roaming/PrismLauncher/libraries/org/lwjgl/lwjgl-tinyfd-natives-windows-x86/3.3.3/lwjgl-tinyfd-natives-windows-x86-3.3.3.jar;C:/Users/bradl/AppData/Roaming/PrismLauncher/libraries/org/lwjgl/lwjgl-tinyfd-natives-windows/3.3.3/lwjgl-tinyfd-natives-windows-3.3.3.jar;C:/Users/bradl/AppData/Roaming/PrismLauncher/libraries/org/lwjgl/lwjgl-tinyfd/3.3.3/lwjgl-tinyfd-3.3.3.jar;C:/Users/bradl/AppData/Roaming/PrismLauncher/libraries/org/lwjgl/lwjgl/3.3.3/lwjgl-3.3.3.jar;C:/Users/bradl/AppData/Roaming/PrismLauncher/libraries/com/github/oshi/oshi-core/6.4.10/oshi-core-6.4.10.jar;C:/Users/bradl/AppData/Roaming/PrismLauncher/libraries/com/google/code/gson/gson/2.10.1/gson-2.10.1.jar;C:/Users/bradl/AppData/Roaming/PrismLauncher/libraries/com/google/guava/failureaccess/1.0.1/failureaccess-1.0.1.jar;C:/Users/bradl/AppData/Roaming/PrismLauncher/libraries/com/google/guava/guava/32.1.2-jre/guava-32.1.2-jre.jar;C:/Users/bradl/AppData/Roaming/PrismLauncher/libraries/com/ibm/icu/icu4j/73.2/icu4j-73.2.jar;C:/Users/bradl/AppData/Roaming/PrismLauncher/libraries/com/mojang/authlib/6.0.54/authlib-6.0.54.jar;C:/Users/bradl/AppData/Roaming/PrismLauncher/libraries/com/mojang/blocklist/1.0.10/blocklist-1.0.10.jar;C:/Users/bradl/AppData/Roaming/PrismLauncher/libraries/com/mojang/brigadier/1.3.10/brigadier-1.3.10.jar;C:/Users/bradl/AppData/Roaming/PrismLauncher/libraries/com/mojang/datafixerupper/8.0.16/datafixerupper-8.0.16.jar;C:/Users/bradl/AppData/Roaming/PrismLauncher/libraries/com/mojang/logging/1.2.7/logging-1.2.7.jar;C:/Users/bradl/AppData/Roaming/PrismLauncher/libraries/com/mojang/patchy/2.2.10/patchy-2.2.10.jar;C:/Users/bradl/AppData/Roaming/PrismLauncher/libraries/com/mojang/text2speech/1.17.9/text2speech-1.17.9.jar;C:/Users/bradl/AppData/Roaming/PrismLauncher/libraries/commons-codec/commons-codec/1.16.0/commons-codec-1.16.0.jar;C:/Users/bradl/AppData/Roaming/PrismLauncher/libraries/commons-io/commons-io/2.15.1/commons-io-2.15.1.jar;C:/Users/bradl/AppData/Roaming/PrismLauncher/libraries/commons-logging/commons-logging/1.2/commons-logging-1.2.jar;C:/Users/bradl/AppData/Roaming/PrismLauncher/libraries/io/netty/netty-buffer/4.1.97.Final/netty-buffer-4.1.97.Final.jar;C:/Users/bradl/AppData/Roaming/PrismLauncher/libraries/io/netty/netty-codec/4.1.97.Final/netty-codec-4.1.97.Final.jar;C:/Users/bradl/AppData/Roaming/PrismLauncher/libraries/io/netty/netty-common/4.1.97.Final/netty-common-4.1.97.Final.jar;C:/Users/bradl/AppData/Roaming/PrismLauncher/libraries/io/netty/netty-handler/4.1.97.Final/netty-handler-4.1.97.Final.jar;C:/Users/bradl/AppData/Roaming/PrismLauncher/libraries/io/netty/netty-resolver/4.1.97.Final/netty-resolver-4.1.97.Final.jar;C:/Users/bradl/AppData/Roaming/PrismLauncher/libraries/io/netty/netty-transport-classes-epoll/4.1.97.Final/netty-transport-classes-epoll-4.1.97.Final.jar;C:/Users/bradl/AppData/Roaming/PrismLauncher/libraries/io/netty/netty-transport-native-unix-common/4.1.97.Final/netty-transport-native-unix-common-4.1.97.Final.jar;C:/Users/bradl/AppData/Roaming/PrismLauncher/libraries/io/netty/netty-transport/4.1.97.Final/netty-transport-4.1.97.Final.jar;C:/Users/bradl/AppData/Roaming/PrismLauncher/libraries/it/unimi/dsi/fastutil/8.5.12/fastutil-8.5.12.jar;C:/Users/bradl/AppData/Roaming/PrismLauncher/libraries/net/java/dev/jna/jna-platform/5.14.0/jna-platform-5.14.0.jar;C:/Users/bradl/AppData/Roaming/PrismLauncher/libraries/net/java/dev/jna/jna/5.14.0/jna-5.14.0.jar;C:/Users/bradl/AppData/Roaming/PrismLauncher/libraries/net/sf/jopt-simple/jopt-simple/5.0.4/jopt-simple-5.0.4.jar;C:/Users/bradl/AppData/Roaming/PrismLauncher/libraries/org/apache/commons/commons-compress/1.26.0/commons-compress-1.26.0.jar;C:/Users/bradl/AppData/Roaming/PrismLauncher/libraries/org/apache/commons/commons-lang3/3.14.0/commons-lang3-3.14.0.jar;C:/Users/bradl/AppData/Roaming/PrismLauncher/libraries/org/apache/httpcomponents/httpclient/4.5.13/httpclient-4.5.13.jar;C:/Users/bradl/AppData/Roaming/PrismLauncher/libraries/org/apache/httpcomponents/httpcore/4.4.16/httpcore-4.4.16.jar;C:/Users/bradl/AppData/Roaming/PrismLauncher/libraries/org/apache/logging/log4j/log4j-api/2.22.1/log4j-api-2.22.1.jar;C:/Users/bradl/AppData/Roaming/PrismLauncher/libraries/org/apache/logging/log4j/log4j-core/2.22.1/log4j-core-2.22.1.jar;C:/Users/bradl/AppData/Roaming/PrismLauncher/libraries/org/apache/logging/log4j/log4j-slf4j2-impl/2.22.1/log4j-slf4j2-impl-2.22.1.jar;C:/Users/bradl/AppData/Roaming/PrismLauncher/libraries/org/jcraft/jorbis/0.0.17/jorbis-0.0.17.jar;C:/Users/bradl/AppData/Roaming/PrismLauncher/libraries/org/joml/joml/1.10.5/joml-1.10.5.jar;C:/Users/bradl/AppData/Roaming/PrismLauncher/libraries/org/lz4/lz4-java/1.8.0/lz4-java-1.8.0.jar;C:/Users/bradl/AppData/Roaming/PrismLauncher/libraries/org/slf4j/slf4j-api/2.0.9/slf4j-api-2.0.9.jar;C:/Users/bradl/AppData/Roaming/PrismLauncher/libraries/io/github/zekerzhayard/ForgeWrapper/prism-2026-08-01/ForgeWrapper-prism-2026-08-01.jar;C:/Users/bradl/AppData/Roaming/PrismLauncher/libraries/net/neoforged/fancymodloader/earlydisplay/4.0.43/earlydisplay-4.0.43.jar;C:/Users/bradl/AppData/Roaming/PrismLauncher/libraries/net/neoforged/fancymodloader/loader/4.0.43/loader-4.0.43.jar;C:/Users/bradl/AppData/Roaming/PrismLauncher/libraries/net/neoforged/accesstransformers/at-modlauncher/10.0.1/at-modlauncher-10.0.1.jar;C:/Users/bradl/AppData/Roaming/PrismLauncher/libraries/net/neoforged/accesstransformers/10.0.1/accesstransformers-10.0.1.jar;C:/Users/bradl/AppData/Roaming/PrismLauncher/libraries/net/neoforged/bus/8.0.5/bus-8.0.5.jar;C:/Users/bradl/AppData/Roaming/PrismLauncher/libraries/net/neoforged/coremods/7.0.3/coremods-7.0.3.jar;C:/Users/bradl/AppData/Roaming/PrismLauncher/libraries/cpw/mods/modlauncher/11.0.5/modlauncher-11.0.5.jar;C:/Users/bradl/AppData/Roaming/PrismLauncher/libraries/net/neoforged/mergetool/2.0.0/mergetool-2.0.0-api.jar;C:/Users/bradl/AppData/Roaming/PrismLauncher/libraries/com/electronwill/night-config/toml/3.8.3/toml-3.8.3.jar;C:/Users/bradl/AppData/Roaming/PrismLauncher/libraries/com/electronwill/night-config/core/3.8.3/core-3.8.3.jar;C:/Users/bradl/AppData/Roaming/PrismLauncher/libraries/net/neoforged/JarJarSelector/0.4.1/JarJarSelector-0.4.1.jar;C:/Users/bradl/AppData/Roaming/PrismLauncher/libraries/net/neoforged/JarJarMetadata/0.4.1/JarJarMetadata-0.4.1.jar;C:/Users/bradl/AppData/Roaming/PrismLauncher/libraries/org/apache/maven/maven-artifact/3.8.5/maven-artifact-3.8.5.jar;C:/Users/bradl/AppData/Roaming/PrismLauncher/libraries/net/jodah/typetools/0.6.3/typetools-0.6.3.jar;C:/Users/bradl/AppData/Roaming/PrismLauncher/libraries/net/minecrell/terminalconsoleappender/1.3.0/terminalconsoleappender-1.3.0.jar;C:/Users/bradl/AppData/Roaming/PrismLauncher/libraries/net/fabricmc/sponge-mixin/0.15.2+mixin.0.8.7/sponge-mixin-0.15.2+mixin.0.8.7.jar;C:/Users/bradl/AppData/Roaming/PrismLauncher/libraries/org/openjdk/nashorn/nashorn-core/15.4/nashorn-core-15.4.jar;C:/Users/bradl/AppData/Roaming/PrismLauncher/libraries/cpw/mods/bootstraplauncher/2.0.2/bootstraplauncher-2.0.2.jar;C:/Users/bradl/AppData/Roaming/PrismLauncher/libraries/cpw/mods/securejarhandler/3.0.8/securejarhandler-3.0.8.jar;C:/Users/bradl/AppData/Roaming/PrismLauncher/libraries/org/ow2/asm/asm-commons/9.10.1/asm-commons-9.10.1.jar;C:/Users/bradl/AppData/Roaming/PrismLauncher/libraries/org/ow2/asm/asm-util/9.10.1/asm-util-9.10.1.jar;C:/Users/bradl/AppData/Roaming/PrismLauncher/libraries/org/ow2/asm/asm-analysis/9.10.1/asm-analysis-9.10.1.jar;C:/Users/bradl/AppData/Roaming/PrismLauncher/libraries/org/ow2/asm/asm-tree/9.10.1/asm-tree-9.10.1.jar;C:/Users/bradl/AppData/Roaming/PrismLauncher/libraries/org/ow2/asm/asm/9.10.1/asm-9.10.1.jar;C:/Users/bradl/AppData/Roaming/PrismLauncher/libraries/net/neoforged/JarJarFileSystems/0.4.1/JarJarFileSystems-0.4.1.jar;C:/Users/bradl/AppData/Roaming/PrismLauncher/libraries/org/antlr/antlr4-runtime/4.13.1/antlr4-runtime-4.13.1.jar;C:/Users/bradl/AppData/Roaming/PrismLauncher/libraries/org/jline/jline-reader/3.20.0/jline-reader-3.20.0.jar;C:/Users/bradl/AppData/Roaming/PrismLauncher/libraries/org/jline/jline-terminal/3.20.0/jline-terminal-3.20.0.jar;C:/Users/bradl/AppData/Roaming/PrismLauncher/libraries/net/minecraftforge/srgutils/0.4.15/srgutils-0.4.15.jar;C:/Users/bradl/AppData/Roaming/PrismLauncher/libraries/com/google/guava/listenablefuture/9999.0-empty-to-avoid-conflict-with-guava/listenablefuture-9999.0-empty-to-avoid-conflict-with-guava.jar;C:/Users/bradl/AppData/Roaming/PrismLauncher/libraries/com/google/code/findbugs/jsr305/3.0.2/jsr305-3.0.2.jar;C:/Users/bradl/AppData/Roaming/PrismLauncher/libraries/org/checkerframework/checker-qual/3.33.0/checker-qual-3.33.0.jar;C:/Users/bradl/AppData/Roaming/PrismLauncher/libraries/com/google/errorprone/error_prone_annotations/2.18.0/error_prone_annotations-2.18.0.jar;C:/Users/bradl/AppData/Roaming/PrismLauncher/libraries/com/google/j2objc/j2objc-annotations/2.8/j2objc-annotations-2.8.jar;C:/Users/bradl/AppData/Roaming/PrismLauncher/libraries/org/codehaus/plexus/plexus-utils/3.3.0/plexus-utils-3.3.0.jar;C:/Users/bradl/AppData/Roaming/PrismLauncher/libraries/com/machinezoo/noexception/noexception/1.7.1/noexception-1.7.1.jar;C:/Users/bradl/AppData/Roaming/PrismLauncher/libraries/com/mojang/minecraft/1.21.1/minecraft-1.21.1-client.jar
Launcher Type: SUN_STANDARD

[Global flags]
     intx CICompilerCount                          = 4                                         {product} {ergonomic}
     uint ConcGCThreads                            = 2                                         {product} {ergonomic}
     uint G1ConcRefinementThreads                  = 8                                         {product} {ergonomic}
   size_t G1HeapRegionSize                         = 4194304                                   {product} {ergonomic}
    uintx GCDrainStackTargetSize                   = 64                                        {product} {ergonomic}
    ccstr HeapDumpPath                             = MojangTricksIntelDriversForPerformance_javaw.exe_minecraft.exe.heapdump         {manageable} {command line}
   size_t InitialHeapSize                          = 536870912                                 {product} {command line}
   size_t MarkStackSize                            = 4194304                                   {product} {ergonomic}
   size_t MaxHeapSize                              = 8589934592                                {product} {command line}
   size_t MaxNewSize                               = 5150605312                                {product} {ergonomic}
   size_t MinHeapDeltaBytes                        = 4194304                                   {product} {ergonomic}
   size_t MinHeapSize                              = 536870912                                 {product} {command line}
    uintx NonNMethodCodeHeapSize                   = 5839372                                {pd product} {ergonomic}
    uintx NonProfiledCodeHeapSize                  = 122909434                              {pd product} {ergonomic}
    uintx ProfiledCodeHeapSize                     = 122909434                              {pd product} {ergonomic}
    uintx ReservedCodeCacheSize                    = 251658240                              {pd product} {ergonomic}
     bool SegmentedCodeCache                       = true                                      {product} {ergonomic}
   size_t SoftMaxHeapSize                          = 8589934592                             {manageable} {ergonomic}
     bool UseCompressedOops                        = true                           {product lp64_product} {ergonomic}
     bool UseG1GC                                  = true                                      {product} {ergonomic}
     bool UseLargePagesIndividualAllocation        = false                                  {pd product} {ergonomic}

Logging:
Log output configuration:
 #0: stdout all=warning uptime,level,tags foldmultilines=false
 #1: stderr all=off uptime,level,tags foldmultilines=false

Environment Variables:
PATH=C:\Program Files (x86)\Common Files\Oracle\Java\java8path;C:\Program Files (x86)\Common Files\Oracle\Java\javapath;C:\Windows\system32;C:\Windows;C:\Windows\System32\Wbem;C:\Windows\System32\WindowsPowerShell\v1.0\;C:\Windows\System32\OpenSSH\;C:\Program Files\dotnet\;C:\Program Files (x86)\ZeroTier\One\;C:\Program Files\Microsoft SQL Server\170\Tools\Binn\;C:\Program Files (x86)\Windows Kits\10\Windows Performance Toolkit\;C:\Users\bradl\AppData\Local\Microsoft\WindowsApps;C:\Users\bradl\.dotnet\tools;C:\Users\bradl\AppData\Local\PowerToys\DSCModules\;C:\Users\bradl\AppData\Local\GitHubDesktop\bin
USERNAME=bradl
OS=Windows_NT
PROCESSOR_IDENTIFIER=Intel64 Family 6 Model 60 Stepping 3, GenuineIntel
TMP=C:\Users\bradl\AppData\Local\Temp
TEMP=C:\Users\bradl\AppData\Local\Temp




Periodic native trim disabled

---------------  S Y S T E M  ---------------

OS:
 Windows 11 , 64 bit Build 26100 (10.0.26100.9444)
OS uptime: 0 days 0:07 hours

CPU: total 8 (initial active 8) (4 cores per cpu, 2 threads per core) family 6 model 60 stepping 3 microcode 0x28, cx8, cmov, fxsr, ht, mmx, sse, sse2, sse3, ssse3, sse4.1, sse4.2, popcnt, lzcnt, tsc, tscinvbit, avx, avx2, aes, erms, clmul, bmi1, bmi2, fma, vzeroupper, clflush, rdtscp, f16c
Processor Information for the first 8 processors :
  Max Mhz: 3601, Current Mhz: 3601, Mhz Limit: 3601

Memory: 4k page, system-wide physical 16292M (7317M free)
TotalPageFile size 21156M (AvailPageFile size 12384M)
current process WorkingSet (physical memory assigned to process): 2481M, peak: 2481M
current process commit charge ("private bytes"): 2535M, peak: 2537M

vm_info: OpenJDK 64-Bit Server VM (21.0.7+6-LTS) for windows-amd64 JRE (21.0.7+6-LTS), built on 2025-04-09T22:17:25Z by "MicrosoftCorporation" with unknown MS VC++:1939

END.
